Id,Area,Bedrooms,Bathrooms,Floors,YearBuilt,Location,Condition,Garage,Price,Location_Encoded,Condition_Encoded,Garage_Binary,Predicted_Price
1,1360,5,4,3,1970,Downtown,Excellent,No,149919,0,0,0,552843.4128309584
2,4272,5,4,3,1958,Downtown,Excellent,No,424998,0,0,0,550372.8809985481
3,3592,2,2,3,1938,Downtown,Good,No,266746,0,2,0,562695.1761740146
4,966,4,2,2,1902,Suburban,Fair,Yes,244020,2,1,1,537543.2661544468
5,4926,1,4,2,1975,Downtown,Fair,Yes,636056,0,1,1,529139.7259398852
6,3944,1,2,1,1906,Urban,Poor,No,93262,3,3,0,501217.4144249141
7,3671,1,1,2,1948,Rural,Poor,Yes,448722,1,3,1,548645.1355038739
8,3419,2,4,1,1925,Suburban,Good,Yes,594893,2,2,1,492840.0185539876
9,630,2,2,1,1932,Rural,Poor,Yes,652878,1,3,1,514567.0861592164
10,2185,3,3,1,2000,Downtown,Poor,No,340375,0,3,0,510551.4946751154
11,1269,1,4,2,1947,Suburban,Poor,Yes,653685,2,3,1,517081.0364697091
12,2891,4,4,3,1978,Urban,Excellent,Yes,127123,3,0,1,549141.3731669307
13,2933,4,3,2,1901,Downtown,Poor,No,849947,0,3,0,522893.4604311809
14,1684,1,1,1,2004,Rural,Good,No,399355,1,2,0,530789.0625056545
15,3885,1,3,1,1970,Urban,Fair,Yes,481838,3,1,1,507524.2786749557
16,4617,1,4,2,1931,Downtown,Poor,No,853032,0,3,0,515294.9189250934
17,3404,2,1,1,1903,Urban,Fair,Yes,208964,3,1,1,520159.9175402892
18,974,2,2,1,1919,Downtown,Poor,Yes,905742,0,3,1,515550.28319209494
19,1582,2,2,2,2013,Suburban,Good,No,989305,2,2,0,543109.249725589
20,3058,5,2,2,2016,Downtown,Excellent,No,218767,0,0,0,553588.8491117444
21,2547,4,4,2,1935,Suburban,Good,Yes,996357,2,2,1,518212.6203981504
22,3247,4,3,1,1931,Downtown,Excellent,No,709789,0,0,0,510233.40515619336
23,1475,3,1,1,1927,Downtown,Poor,No,709966,0,3,0,522466.7134401164
24,2306,2,2,3,1976,Rural,Poor,Yes,447694,1,3,1,566169.8766466308
25,689,5,1,3,1900,Urban,Excellent,Yes,688668,3,0,1,571131.3439295633
26,3234,5,4,2,1959,Urban,Good,Yes,527032,3,2,1,518204.7127863894
27,3505,4,2,3,1955,Urban,Good,Yes,745494,3,2,1,561026.6793130582
28,2399,2,4,1,1934,Downtown,Excellent,Yes,513179,0,0,1,504556.4043233087
29,1767,3,3,3,2011,Downtown,Poor,Yes,948212,0,3,1,563099.0689169446
30,2028,2,4,1,1929,Downtown,Excellent,No,206547,0,0,0,500279.4804200484
31,3702,1,4,2,1953,Suburban,Poor,No,902609,2,3,0,512965.2932034107
32,4056,2,3,2,1935,Suburban,Excellent,Yes,727090,2,0,1,532450.9382972076
33,4390,1,1,1,2020,Rural,Poor,No,202185,1,3,0,528975.0111518706
34,1146,1,3,3,1954,Downtown,Excellent,No,725371,0,0,0,560524.6096901487
35,3388,3,3,2,1988,Urban,Fair,Yes,105746,3,1,1,533653.7045635906
36,2935,4,4,2,1979,Urban,Poor,No,959507,3,3,0,514006.85557665833
37,1100,2,1,3,1957,Rural,Good,No,748213,1,2,0,573144.913292889
38,2863,1,2,3,1982,Urban,Excellent,Yes,921627,3,0,1,569067.8867095936
39,2561,2,3,1,1964,Rural,Good,No,873250,1,2,0,506216.58723987936
40,741,4,1,3,1968,Downtown,Excellent,No,218393,0,0,0,582518.5163223908
41,2541,4,3,3,1950,Urban,Good,Yes,333453,3,2,1,550902.3451194854
42,3324,5,3,3,1921,Downtown,Good,No,986192,0,2,0,551350.1130407274
43,3112,4,3,1,1987,Suburban,Excellent,No,340320,2,0,0,511433.0163851635
44,1863,3,3,1,2006,Urban,Excellent,No,643167,3,0,0,511340.6070572769
45,1978,1,4,2,2008,Suburban,Good,Yes,641880,2,2,1,526254.2201047415
46,3056,5,1,1,2015,Urban,Good,Yes,396872,3,2,1,530729.0207866525
47,1275,3,1,2,2000,Downtown,Good,No,270084,0,2,0,556986.5104464602
48,4514,2,1,3,1952,Rural,Poor,No,976920,1,3,0,568693.7969885825
49,534,1,3,2,1999,Downtown,Poor,Yes,771782,0,3,1,538310.2107260093
50,3652,4,4,2,1935,Downtown,Fair,Yes,845016,0,1,1,525522.798688798
51,2455,1,3,3,1967,Downtown,Poor,No,698843,0,3,0,553757.6245033238
52,2085,2,3,2,1935,Urban,Poor,Yes,405446,3,3,1,522901.03955439775
53,4443,5,1,1,1951,Rural,Excellent,No,958840,1,0,0,529442.8586487694
54,3573,5,3,1,1952,Suburban,Fair,No,593118,2,1,0,504870.9678658949
55,1521,5,2,1,1981,Downtown,Fair,Yes,266897,0,1,1,527872.4914280189
56,3961,4,3,1,1949,Urban,Poor,Yes,826522,3,3,1,500376.29856130417
57,3113,3,2,2,1979,Suburban,Excellent,No,913498,2,0,0,543976.5531276522
58,4343,3,3,2,1940,Downtown,Excellent,No,840023,0,0,0,534338.8960685357
59,2000,1,4,3,1917,Suburban,Fair,Yes,143878,2,1,1,542219.3999631652
60,661,4,4,2,1921,Downtown,Excellent,No,175407,0,0,0,523815.1989805862
61,4797,5,1,2,1965,Suburban,Good,Yes,691157,2,2,1,550654.3388910923
62,2481,5,3,2,1920,Suburban,Poor,Yes,307716,2,3,1,524037.1820730714
63,1495,2,2,3,1999,Rural,Good,Yes,857827,1,2,1,571647.7442805833
64,3842,2,2,1,1943,Rural,Fair,Yes,66738,1,1,1,519723.4332142772
65,4298,5,3,2,2002,Downtown,Fair,Yes,183703,0,1,1,542884.3623556882
66,1775,5,2,3,1946,Urban,Excellent,No,723265,3,0,0,562106.2540105492
67,1516,4,4,3,1938,Rural,Excellent,Yes,593344,1,0,1,550323.9575676983
68,837,3,2,3,1928,Suburban,Fair,Yes,815034,2,1,1,564034.0411520188
69,1378,2,1,1,1953,Rural,Fair,Yes,560241,1,1,1,531728.281019589
70,1576,3,4,2,1989,Rural,Good,Yes,433800,1,2,1,527113.8520221038
71,4493,4,4,3,1984,Downtown,Good,Yes,689604,0,2,1,551787.7352984927
72,879,5,4,1,1916,Rural,Excellent,Yes,740807,1,0,1,500932.176485292
73,992,3,3,3,1979,Rural,Good,Yes,628706,1,2,1,559789.6982586867
74,2562,5,3,3,1959,Suburban,Excellent,No,873622,2,0,0,555915.5364625911
75,4384,5,4,3,1930,Rural,Excellent,No,76014,1,0,0,544597.1122936949
76,564,1,3,3,2014,Suburban,Poor,No,778359,2,3,0,554618.5303583074
77,3068,3,2,3,1972,Rural,Excellent,No,813277,1,0,0,569430.8146502309
78,2527,3,3,1,1994,Rural,Good,Yes,231350,1,2,1,513597.3216651919
79,3195,5,3,2,1977,Urban,Fair,No,961995,3,1,0,528898.1102670736
80,1995,4,4,2,1948,Rural,Fair,Yes,838212,1,1,1,525044.2047183361
81,891,1,1,2,2000,Suburban,Good,No,534859,2,2,0,551709.7820890568
82,4974,5,1,2,1901,Suburban,Fair,No,764618,2,1,0,542098.3513350323
83,4061,2,1,1,2015,Downtown,Excellent,Yes,540339,0,0,1,542834.8789122964
84,2778,2,2,1,1947,Downtown,Fair,Yes,92192,0,1,1,523162.24362440547
85,3599,1,3,1,2009,Urban,Good,No,941307,3,2,0,505593.8830389228
86,700,4,1,3,1913,Suburban,Fair,No,411273,2,1,0,568605.4564817441
87,3604,5,4,3,1958,Suburban,Excellent,No,93923,2,0,0,545470.7409713726
88,2954,3,1,3,1996,Suburban,Excellent,No,663484,2,0,0,579529.7436897618
89,4145,1,1,2,1998,Urban,Good,Yes,576683,3,2,1,551510.9770634644
90,1304,4,3,3,1957,Suburban,Good,No,414593,2,2,0,550889.0790844185
91,3231,3,3,2,2002,Downtown,Good,No,433891,0,2,0,536596.5822602062
92,3273,2,3,3,1957,Urban,Poor,No,802744,3,3,0,544711.5095743925
93,2070,2,2,2,2010,Downtown,Poor,No,458995,0,3,0,545166.7299877002
94,3190,3,2,3,1950,Downtown,Excellent,No,645316,0,0,0,569485.7700579826
95,4340,1,1,3,1983,Urban,Poor,Yes,997226,3,3,1,570816.6483479007
96,1528,2,3,1,1901,Rural,Poor,Yes,450327,1,3,1,500799.10132717143
97,1002,5,1,3,2014,Rural,Fair,Yes,816751,1,1,1,586432.3476291052
98,4993,3,4,3,1940,Downtown,Poor,Yes,715344,0,3,1,543931.6960245058
99,1370,3,4,1,1982,Rural,Fair,Yes,929608,1,1,1,505334.8192045308
100,4988,2,3,2,2022,Suburban,Good,No,777688,2,2,0,532882.1149418681
101,706,1,3,1,2000,Urban,Fair,Yes,305315,3,1,1,512124.5403512055
102,1984,5,4,1,1981,Downtown,Fair,Yes,339068,0,1,1,507831.1072954502
103,1363,1,3,2,1915,Suburban,Good,No,495919,2,2,0,522092.43627347786
104,3290,4,2,3,1903,Rural,Good,Yes,344721,1,2,1,560412.048382066
105,1063,4,2,2,1911,Suburban,Excellent,Yes,188783,2,0,1,541095.5299890304
106,4691,2,3,3,1928,Rural,Excellent,Yes,659836,1,0,1,557643.866931406
107,2257,2,4,3,1906,Downtown,Excellent,Yes,307288,0,0,1,548749.4029586972
108,2178,2,1,2,1913,Suburban,Excellent,No,543085,2,0,0,546702.12079972
109,3742,4,3,1,2018,Urban,Fair,No,545187,3,1,0,509526.63359926676
110,1559,1,3,2,1911,Downtown,Fair,Yes,699381,0,1,1,533157.900071533
111,2222,1,1,3,1998,Suburban,Excellent,No,285835,2,0,0,579770.852801358
112,3814,2,3,2,1904,Suburban,Poor,Yes,971600,2,3,1,521324.84472989384
113,3657,5,1,2,1980,Rural,Excellent,No,902987,1,0,0,556656.7020854036
114,3125,1,4,3,2021,Downtown,Poor,No,401992,0,3,0,549649.7659168703
115,3229,4,2,1,2005,Downtown,Good,No,256084,0,2,0,523353.7886075709
116,2097,3,4,2,1931,Downtown,Fair,No,844686,0,1,0,521680.79743353435
117,3560,3,2,3,1973,Downtown,Fair,No,437554,0,1,0,569357.7978037829
118,3193,3,1,3,1942,Rural,Poor,No,803315,1,3,0,568208.0194568888
119,4127,5,2,2,1980,Urban,Excellent,No,520336,3,0,0,541385.4901929486
120,1863,2,4,1,1968,Downtown,Fair,No,973469,0,1,0,502158.99855121743
121,2481,4,2,2,1944,Rural,Poor,No,258072,1,3,0,535262.0232233717
122,2163,5,1,1,2005,Urban,Good,No,298029,3,2,0,526089.6199026859
123,2029,4,2,1,1908,Urban,Good,No,259047,3,2,0,505152.7575202963
124,2538,4,3,1,1948,Rural,Fair,Yes,415169,1,1,1,511121.3856906072
125,3802,2,4,1,1932,Downtown,Excellent,No,180509,0,0,0,499935.56207413983
126,2737,3,3,2,1999,Urban,Poor,Yes,812072,3,3,1,529990.7207102402
127,1806,2,1,3,1999,Downtown,Fair,No,345107,0,1,0,582758.9445118739
128,4529,5,2,3,1917,Downtown,Good,Yes,577561,0,2,1,564224.684306043
129,3175,5,3,3,1908,Suburban,Excellent,Yes,589618,2,0,1,553792.8664795666
130,1782,5,3,3,1961,Downtown,Poor,Yes,202566,0,3,1,557727.8636004465
131,1209,2,2,3,1956,Suburban,Fair,No,650710,2,1,0,563055.2343932637
132,4913,4,2,3,1928,Urban,Poor,No,958521,3,3,0,551012.4904037435
133,4248,4,4,2,2013,Rural,Excellent,No,53212,1,0,0,530218.0640457822
134,1163,1,3,1,1977,Suburban,Excellent,No,282131,2,0,0,510657.70062610647
135,2498,5,3,3,1924,Rural,Good,Yes,526657,1,2,1,553282.3937492623
136,3945,4,1,2,1914,Urban,Excellent,No,661882,3,0,0,543821.6701224423
137,4243,1,4,3,1905,Downtown,Fair,No,182152,0,1,0,541308.4190852437
138,1995,4,1,3,2019,Urban,Poor,No,344819,3,3,0,572313.84848565
139,3804,5,3,1,1941,Rural,Excellent,No,72007,1,0,0,508698.81071291474
140,4263,3,1,1,1928,Urban,Excellent,No,688093,3,0,0,521497.5237671637
141,2353,5,3,1,1978,Downtown,Fair,No,394785,0,1,0,513426.7506713924
142,1791,2,3,3,1992,Urban,Poor,No,670103,3,3,0,549222.6803727502
143,4081,4,1,3,1903,Downtown,Poor,No,883247,0,3,0,566186.8121880785
144,3957,4,1,3,1981,Suburban,Good,Yes,919914,2,2,1,576292.1836745597
145,2136,2,2,1,2013,Rural,Good,Yes,837071,1,2,1,525686.3258919254
146,4196,2,2,2,1956,Downtown,Poor,No,375737,0,3,0,538268.3256369114
147,3499,3,2,3,1948,Downtown,Fair,No,562164,0,1,0,566565.7988818964
148,3652,4,3,3,1943,Urban,Fair,No,128038,3,1,0,548406.6169588098
149,1198,4,1,3,2002,Suburban,Good,No,406043,2,2,0,575861.0590851952
150,2660,3,4,2,1979,Downtown,Excellent,Yes,840168,0,0,1,533302.4765757674
151,4597,1,3,3,1974,Suburban,Fair,Yes,827794,2,1,1,557572.270311545
152,1354,3,4,2,1913,Suburban,Excellent,No,66473,2,0,0,517356.34570841544
153,3974,5,1,3,1902,Urban,Fair,Yes,703059,3,1,1,567518.1277768181
154,2207,4,3,2,2014,Downtown,Poor,Yes,175801,0,3,1,539754.6852965483
155,3277,2,4,3,2013,Urban,Good,No,944030,3,2,0,543660.8219304249
156,2233,5,4,1,1961,Rural,Excellent,No,660911,1,0,0,501623.196572755
157,4010,4,2,1,2005,Rural,Excellent,No,558252,1,0,0,525626.1756707807
158,702,3,2,1,1963,Downtown,Poor,Yes,275097,0,3,1,520742.7160102966
159,3755,5,2,1,2001,Suburban,Fair,Yes,348964,2,1,1,524107.4284837544
160,4718,4,3,3,1944,Downtown,Excellent,No,265933,0,0,0,558423.8317193522
161,4996,1,1,1,2005,Downtown,Fair,No,369733,0,1,0,534784.2489496975
162,1266,1,1,2,1981,Rural,Poor,Yes,771167,1,3,1,553285.7919053626
163,4889,2,2,1,1957,Rural,Good,Yes,330558,1,2,1,518321.721883989
164,2827,4,2,1,1919,Suburban,Excellent,No,439522,2,0,0,513816.2669084583
165,3431,1,2,1,1957,Suburban,Fair,Yes,74220,2,1,1,518745.8811289237
166,697,3,4,3,2011,Downtown,Excellent,No,634819,0,0,0,557450.0938906386
167,2430,4,2,1,1988,Urban,Fair,No,422146,3,1,0,516584.0455158543
168,4082,3,4,2,1956,Downtown,Fair,Yes,557409,0,1,1,527589.7936553437
169,1108,3,1,1,2001,Suburban,Fair,Yes,747785,2,1,1,534790.9853553737
170,3772,1,3,1,1976,Urban,Poor,Yes,59387,3,3,1,503091.4459854826
171,1647,4,3,1,1967,Rural,Good,No,295752,1,2,0,507171.14584723744
172,4782,5,3,2,2018,Suburban,Excellent,No,651103,2,0,0,538060.9439896084
173,3897,1,3,1,1977,Suburban,Good,No,601872,2,2,0,504455.022538462
174,3011,1,4,2,1996,Urban,Fair,No,619071,3,1,0,520645.9493804192
175,2294,4,4,2,1991,Suburban,Fair,No,745169,2,1,0,523336.0091549707
176,1159,4,2,1,1951,Suburban,Good,No,759687,2,2,0,512909.1007446152
177,3311,3,4,2,1936,Suburban,Good,Yes,698782,2,2,1,517898.90118355176
178,1869,4,2,3,1907,Suburban,Excellent,No,690102,2,0,0,560124.7479022081
179,2486,3,2,1,1943,Suburban,Fair,No,300139,2,1,0,513941.43721960246
180,646,1,3,1,1997,Suburban,Good,No,967184,2,2,0,507956.77794814383
181,3719,2,4,2,2007,Suburban,Poor,No,550228,2,3,0,519172.8363517413
182,3411,5,4,2,1904,Suburban,Fair,Yes,716217,2,1,1,517098.13058541267
183,2234,1,2,1,2017,Rural,Fair,No,747621,1,1,0,524685.9796517709
184,2343,4,2,3,1968,Suburban,Excellent,Yes,910020,2,0,1,570668.6776822074
185,988,5,1,2,1930,Rural,Poor,Yes,984499,1,3,1,548180.0160559637
186,3476,2,1,2,1944,Rural,Excellent,No,296509,1,0,0,552273.8611165623
187,2459,2,2,3,1908,Downtown,Poor,No,63580,0,3,0,557176.0893849895
188,2885,3,1,3,2005,Downtown,Excellent,Yes,592528,0,0,1,589585.0972261054
189,3419,5,1,1,1931,Rural,Poor,Yes,828639,1,3,1,523712.50804036355
190,2302,3,2,3,1932,Rural,Poor,No,395590,1,3,0,557492.542005277
191,4561,1,2,1,1966,Suburban,Poor,Yes,518968,2,3,1,514173.20033432136
192,3869,5,4,3,1929,Downtown,Good,No,940965,0,2,0,542109.8802727908
193,762,1,2,2,2013,Urban,Fair,No,828559,3,1,0,543288.2172311314
194,1123,3,2,1,1975,Downtown,Poor,Yes,533663,0,3,1,521932.3323765722
195,1516,5,3,1,1928,Rural,Good,No,478082,1,2,0,502962.1230185755
196,4143,3,4,1,1902,Rural,Good,No,655262,1,2,0,488827.30587233964
197,2549,5,4,3,1989,Suburban,Excellent,No,647689,2,0,0,549367.3393652741
198,4223,3,4,2,1956,Suburban,Fair,Yes,263165,2,1,1,522376.74435360986
199,3608,2,3,1,1929,Downtown,Fair,Yes,455427,0,1,1,510884.42193119624
200,4590,3,2,1,1908,Suburban,Excellent,Yes,502201,2,0,1,515623.62241536536
201,2556,2,4,1,1925,Urban,Fair,No,214340,3,1,0,489311.8175817897
202,3670,3,4,1,1901,Urban,Excellent,Yes,840078,3,0,1,492745.98891545925
203,2182,5,1,2,1961,Suburban,Good,Yes,760731,2,2,1,551208.8468490669
204,2755,5,4,3,1902,Urban,Good,Yes,822411,3,2,1,535615.4515640424
205,1654,5,2,2,1945,Urban,Poor,No,354960,3,3,0,530666.3283642888
206,4999,4,2,1,1967,Downtown,Excellent,No,139460,0,0,0,523546.04875354265
207,3691,1,1,2,1924,Urban,Good,Yes,356256,3,2,1,543351.7468208551
208,2196,5,4,1,1950,Rural,Good,Yes,101048,1,2,1,499103.0711656115
209,4491,2,4,3,1912,Rural,Excellent,Yes,780806,1,0,1,545987.1230630169
210,2148,5,4,3,2002,Downtown,Good,No,182850,0,2,0,550992.3737643769
211,1945,4,3,3,1943,Suburban,Fair,Yes,882184,2,1,1,555498.4855994205
212,4699,2,4,1,1934,Downtown,Good,No,528193,0,2,0,494664.1024597315
213,4423,4,2,2,1954,Suburban,Excellent,No,907158,2,0,0,540790.3826942334
214,753,2,2,3,1986,Suburban,Fair,No,786200,2,1,0,566609.0115767787
215,3683,3,3,1,1908,Suburban,Fair,Yes,994793,2,1,1,503464.48770501895
216,3057,1,3,1,1901,Suburban,Good,Yes,356932,2,2,1,500075.31742858834
217,598,1,4,2,1960,Suburban,Poor,No,316891,2,3,0,514946.52474163607
218,2700,4,1,3,2017,Downtown,Fair,No,574333,0,1,0,584707.930298133
219,3461,1,3,1,1940,Suburban,Excellent,No,582046,2,0,0,505607.69500015426
220,4933,4,3,2,1943,Urban,Poor,No,829685,3,3,0,519116.48514313315
221,4277,4,4,3,1963,Urban,Poor,Yes,961508,3,3,1,539191.5008120937
222,3369,4,4,2,1930,Suburban,Fair,Yes,728797,2,1,1,519909.6097253854
223,3734,1,3,2,2007,Urban,Good,No,724945,3,2,0,528962.6260331894
224,4291,4,1,1,1946,Rural,Poor,No,190926,1,3,0,521077.51489603694
225,1456,1,3,1,1901,Downtown,Good,No,233148,0,2,0,501993.0481653868
226,4567,4,4,1,1995,Downtown,Fair,Yes,893382,0,1,1,508282.3524544318
227,660,5,4,2,1981,Suburban,Excellent,No,722709,2,0,0,525546.5046901098
228,4993,4,3,1,1976,Suburban,Poor,Yes,801588,2,3,1,505599.7954319955
229,1800,2,1,2,2009,Rural,Excellent,No,726708,1,0,0,560238.1190737943
230,4487,4,3,2,1968,Suburban,Good,Yes,215368,2,2,1,531115.1600958168
231,2027,3,3,1,1957,Urban,Good,Yes,544496,3,2,1,504463.7628536085
232,1718,4,4,3,2005,Rural,Excellent,No,69455,1,0,0,553935.2952900426
233,4996,2,1,3,1943,Urban,Fair,Yes,784184,3,1,1,571344.5196026037
234,3604,2,2,3,1973,Downtown,Fair,Yes,515139,0,1,1,573064.5819684522
235,3235,1,1,2,1955,Urban,Poor,Yes,281897,3,3,1,544442.1586095756
236,1454,5,3,2,1942,Downtown,Poor,Yes,482509,0,3,1,532068.3217327612
237,3946,4,3,2,1988,Urban,Fair,No,542646,3,1,0,529715.5639300905
238,1545,1,3,1,1933,Downtown,Fair,No,662840,0,1,0,508138.59316222806
239,2193,5,1,2,2000,Suburban,Excellent,No,882548,2,0,0,556892.2594575938
240,3936,4,4,1,1929,Urban,Good,No,432605,3,2,0,486921.39660914073
241,1062,3,3,1,1970,Downtown,Good,No,614772,0,2,0,510180.5309065059
242,2985,4,3,3,1969,Urban,Poor,Yes,997719,3,3,1,550295.4629749444
243,3854,2,1,3,2017,Rural,Fair,Yes,393782,1,1,1,585275.9746654665
244,725,2,2,3,1954,Suburban,Excellent,Yes,708764,2,0,1,569448.4052825354
245,1459,3,2,1,1966,Downtown,Poor,Yes,218332,0,3,1,520789.64405774506
246,3567,1,4,1,1912,Rural,Excellent,No,150647,1,0,0,495061.3697421163
247,1315,5,4,1,1902,Urban,Fair,No,639930,3,1,0,487596.70857242844
248,3620,4,3,2,1925,Rural,Fair,Yes,786091,1,1,1,531761.2129103468
249,516,2,1,1,1956,Urban,Fair,No,882441,3,1,0,523382.1351217126
250,1743,1,3,3,1923,Suburban,Good,Yes,178824,2,2,1,550349.6150218146
251,2705,3,4,3,1952,Rural,Fair,Yes,823202,1,1,1,548734.9520722962
252,3024,2,1,1,1969,Suburban,Poor,No,866037,2,3,0,521309.77221749624
253,1569,3,1,1,1942,Downtown,Good,No,685167,0,2,0,526695.8362985279
254,3944,4,4,3,1959,Urban,Excellent,No,695115,3,0,0,542740.5399195895
255,3065,5,2,1,1957,Urban,Poor,No,317724,3,3,0,507829.61416971876
256,1560,2,2,3,1948,Suburban,Poor,No,951334,2,3,0,556867.4329080114
257,2827,2,1,2,1941,Suburban,Excellent,No,317544,2,0,0,549605.9966780789
258,3920,4,3,3,1975,Downtown,Good,No,745003,0,2,0,557069.6955028416
259,801,1,2,2,2012,Rural,Poor,Yes,801545,1,3,1,547023.9219969733
260,4776,5,3,1,1999,Urban,Poor,No,932464,3,3,0,501970.273506972
261,1106,2,2,1,1965,Urban,Poor,Yes,177319,3,3,1,512941.67544402706
262,3670,5,2,2,1910,Downtown,Good,Yes,562193,0,2,1,540120.6248483657
263,1199,2,3,1,2002,Downtown,Good,No,529389,0,2,0,513598.92409135756
264,1639,5,4,2,1997,Suburban,Good,Yes,156960,2,2,1,525676.594583445
265,690,3,2,1,1989,Suburban,Poor,No,89015,2,3,0,514660.11065963306
266,2800,2,2,3,1917,Rural,Fair,Yes,383857,1,1,1,564487.5489752366
267,1480,5,3,1,1984,Downtown,Excellent,Yes,778165,0,0,1,520870.360791493
268,3475,1,4,3,1999,Rural,Fair,Yes,982478,1,1,1,553466.6185856363
269,1684,3,2,3,2003,Downtown,Good,No,195109,0,2,0,570881.3164727639
270,3827,3,2,2,1951,Urban,Poor,Yes,527508,3,3,1,534097.8943760883
271,3894,1,4,1,1945,Downtown,Poor,Yes,836351,0,3,1,497359.97983470117
272,627,5,2,2,1943,Downtown,Fair,Yes,983671,0,1,1,547582.4560648102
273,2565,4,4,1,1921,Urban,Fair,No,138754,3,1,0,489123.3314590951
274,2316,1,4,3,1952,Downtown,Excellent,Yes,271775,0,0,1,553774.4200938651
275,1069,5,3,3,1958,Rural,Poor,No,355292,1,3,0,551228.1795497057
276,2395,1,1,1,1993,Suburban,Fair,Yes,777513,2,1,1,533129.9895686323
277,3233,1,4,1,2013,Suburban,Excellent,Yes,726894,2,0,1,507841.1011350142
278,4363,2,3,2,2006,Rural,Good,Yes,796355,1,2,1,537756.2739471922
279,4514,5,1,1,2023,Urban,Fair,No,959222,3,1,0,529789.2012018246
280,3401,4,2,1,1929,Downtown,Good,Yes,922510,0,2,1,518585.15866969596
281,2186,2,1,1,1907,Rural,Excellent,Yes,106879,1,0,1,528813.3258182887
282,3509,1,4,2,1997,Suburban,Good,Yes,169894,2,2,1,524427.0423043551
283,654,1,4,1,1956,Suburban,Poor,Yes,640127,2,3,1,494685.0875149768
284,3037,1,4,3,2010,Rural,Poor,No,79756,1,3,0,545865.3603993206
285,1909,5,4,2,1972,Suburban,Good,Yes,718043,2,2,1,522757.3880350087
286,4557,5,4,2,2014,Rural,Poor,Yes,230557,1,3,1,526473.1171186978
287,1284,2,3,3,1919,Suburban,Excellent,Yes,279303,2,0,1,555360.2318585332
288,3675,4,4,3,2003,Rural,Poor,Yes,454241,1,3,1,549086.4256703889
289,4841,2,3,3,1924,Downtown,Good,No,724075,0,2,0,550706.7980270708
290,3306,3,2,1,1918,Downtown,Good,Yes,541599,0,2,1,517250.15221398434
291,1037,1,4,3,1904,Downtown,Good,Yes,545283,0,2,1,543708.3416838209
292,2341,1,4,1,1974,Downtown,Fair,No,667231,0,1,0,502518.28127881227
293,2955,1,1,2,1978,Suburban,Good,Yes,792476,2,2,1,552295.3865820998
294,1024,2,2,2,1971,Urban,Excellent,Yes,198188,3,0,1,545022.7050475756
295,3450,2,4,3,1982,Rural,Poor,Yes,611032,1,3,1,546542.4813972249
296,4631,1,4,1,1986,Urban,Poor,No,174697,3,3,0,490099.35862593295
297,4615,2,2,3,1926,Suburban,Fair,Yes,530795,2,1,1,562224.1492986743
298,2868,5,3,3,1939,Suburban,Fair,No,690360,2,1,0,550969.5999718753
299,4347,5,4,1,1995,Urban,Excellent,No,445340,3,0,0,499480.898727795
300,4995,2,1,3,1925,Urban,Good,No,286028,3,2,0,562885.3869374575
301,3201,1,4,2,1926,Suburban,Fair,No,743411,2,1,0,515269.1228224181
302,1471,2,1,3,1961,Suburban,Poor,No,57176,2,3,0,568297.390211655
303,1666,2,1,1,1982,Rural,Fair,No,927742,1,1,0,531027.0959485904
304,3274,2,4,1,1949,Downtown,Fair,No,826653,0,1,0,499476.9968732162
305,2482,3,4,2,1941,Downtown,Good,Yes,508034,0,2,1,523939.4462820804
306,1353,5,1,1,1928,Rural,Fair,Yes,563611,1,1,1,529320.6119541744
307,4646,4,2,1,1938,Urban,Excellent,No,199748,3,0,0,512677.50678730203
308,4236,4,2,2,1959,Suburban,Poor,No,95177,2,3,0,533697.3884156926
309,4269,3,4,3,1940,Urban,Good,No,533512,3,2,0,535191.2143767163
310,1074,2,3,2,1932,Downtown,Poor,No,160623,0,3,0,526833.6031162629
311,3761,3,2,3,1982,Downtown,Excellent,No,575285,0,0,0,572870.0930789673
312,1648,3,4,2,2000,Urban,Excellent,No,502546,3,0,0,524461.665313055
313,2215,1,2,3,1982,Downtown,Fair,Yes,546184,0,1,1,574479.2302421867
314,4354,5,3,2,1996,Suburban,Fair,Yes,694467,2,1,1,537028.2735803876
315,2991,4,4,3,2010,Rural,Fair,No,297439,1,1,0,551433.1700787535
316,3160,2,3,2,1915,Urban,Poor,No,694691,3,3,0,516379.1337387221
317,3624,4,4,3,1922,Suburban,Excellent,No,978735,2,0,0,541276.0964932526
318,3551,4,3,2,1906,Suburban,Good,Yes,145287,2,2,1,524492.5809227293
319,504,5,2,1,1925,Downtown,Fair,No,169574,0,1,0,518100.3320494979
320,1376,4,2,3,1995,Suburban,Poor,Yes,830751,2,3,1,566353.0365760811
321,1491,4,3,2,1911,Urban,Fair,Yes,171509,3,1,1,525843.9067493511
322,4642,3,3,3,1971,Suburban,Excellent,Yes,397591,2,0,1,560058.5496746217
323,4864,5,3,3,1904,Rural,Good,No,945954,1,2,0,546264.3397587353
324,4965,1,4,2,2005,Suburban,Excellent,No,499181,2,0,0,526063.9744212329
325,1135,2,2,3,1991,Suburban,Poor,Yes,393288,2,3,1,565729.7418851294
326,2193,4,4,2,2016,Rural,Fair,Yes,822793,1,1,1,532626.1130225449
327,2182,2,2,1,1968,Suburban,Excellent,Yes,242589,2,0,1,523173.3874278211
328,619,1,1,3,1948,Suburban,Poor,Yes,929125,2,3,1,570884.4890380747
329,1330,2,4,1,1925,Downtown,Fair,No,406459,0,1,0,497521.2771450696
330,4175,1,2,3,1904,Urban,Good,Yes,538720,3,2,1,554627.5227091344
331,1869,3,2,3,1921,Downtown,Excellent,No,863819,0,0,0,566727.534882666
332,1240,4,4,3,1978,Urban,Fair,Yes,54090,3,1,1,547199.8909718319
333,616,1,4,2,1912,Rural,Fair,No,957278,1,1,0,517265.3551599187
334,3338,2,2,1,1927,Rural,Fair,Yes,468161,1,1,1,518115.24410983064
335,1650,4,4,3,1932,Rural,Fair,No,876671,1,1,0,543164.3548071759
336,2431,3,3,2,2006,Urban,Excellent,No,53743,3,0,0,534768.1778532746
337,1512,4,4,3,1922,Urban,Fair,No,80924,3,1,0,536932.3520446017
338,2164,1,4,2,1996,Urban,Poor,Yes,191268,3,3,1,519675.9120493649
339,1581,3,4,3,2006,Rural,Excellent,No,966592,1,0,0,553967.8421525479
340,1012,2,2,1,1917,Urban,Fair,Yes,928247,3,1,1,512724.1183469273
341,3349,3,3,1,2013,Suburban,Excellent,No,679600,2,0,0,514137.272178286
342,1059,3,1,3,2016,Downtown,Poor,No,381004,0,3,0,579941.282506979
343,4172,5,1,2,1929,Rural,Poor,Yes,790537,1,3,1,546843.7455566609
344,3843,3,3,3,1925,Downtown,Excellent,No,798378,0,0,0,556487.6480129831
345,4570,3,3,2,1915,Suburban,Fair,No,279602,2,1,0,523701.37074789323
346,1970,4,3,3,1976,Urban,Fair,Yes,392543,3,1,1,556625.8306586697
347,1080,2,2,2,1938,Downtown,Poor,No,885227,0,3,0,537438.7269127641
348,2794,4,1,1,1932,Suburban,Fair,No,887985,2,1,0,522648.7196045541
349,3647,4,3,3,1925,Suburban,Poor,No,558928,2,3,0,543808.8846985465
350,4749,1,2,1,1947,Downtown,Fair,No,153976,0,1,0,518415.62520335184
351,2179,4,1,1,1964,Rural,Poor,Yes,205183,1,3,1,527772.7180049544
352,4006,5,4,3,2012,Downtown,Good,No,687854,0,2,0,551404.4968858754
353,3244,5,2,3,1937,Rural,Fair,No,307443,1,1,0,563111.0170652504
354,3856,1,1,2,1901,Urban,Fair,No,694256,3,1,0,539417.6959331802
355,4545,2,2,2,2012,Rural,Fair,No,111600,1,1,0,547013.3260699242
356,1743,2,1,1,1905,Urban,Excellent,No,624310,3,0,0,519743.06433975615
357,3618,4,1,2,1945,Downtown,Fair,No,708559,0,1,0,552600.7972630379
358,2641,4,4,2,1949,Urban,Excellent,No,887329,3,0,0,518469.2624231946
359,3559,4,2,3,1937,Suburban,Excellent,No,874470,2,0,0,562853.7892350404
360,3459,2,3,2,2005,Urban,Poor,Yes,173323,3,3,1,530256.231048475
361,2765,3,4,1,1987,Rural,Excellent,Yes,236110,1,0,1,507937.77394968877
362,2979,5,4,2,1917,Rural,Excellent,Yes,694566,1,0,1,523883.5973370607
363,2135,3,1,1,1926,Rural,Good,Yes,947486,1,2,1,525953.4172774133
364,2257,3,3,3,1940,Urban,Fair,No,320041,3,1,0,548472.1589417425
365,4952,2,2,1,1971,Rural,Excellent,No,638829,1,0,0,521169.7081935898
366,2570,3,3,2,1991,Rural,Fair,Yes,156968,1,1,1,539464.7868567985
367,3349,1,3,3,1973,Suburban,Excellent,Yes,589180,2,0,1,560515.2584191316
368,3751,4,3,2,1916,Urban,Poor,Yes,975775,3,3,1,520386.48146127583
369,4230,1,3,3,2018,Suburban,Good,No,74815,2,2,0,556236.0924381203
370,2989,5,3,3,1961,Rural,Excellent,No,882044,1,0,0,558556.1007221002
371,2131,4,1,2,1928,Rural,Fair,Yes,476573,1,1,1,552534.7552962201
372,3316,3,1,2,1957,Rural,Poor,Yes,518304,1,3,1,550060.5691890748
373,1515,5,4,3,1969,Urban,Fair,Yes,852699,3,1,1,546213.3674593557
374,1848,4,1,3,1977,Downtown,Poor,Yes,854700,0,3,1,579235.1073016721
375,3587,3,4,2,1921,Rural,Good,Yes,688751,1,2,1,518682.9961437302
376,3339,1,4,1,2017,Rural,Poor,No,981767,1,3,0,499245.90037639835
377,835,4,2,2,1905,Rural,Fair,Yes,514151,1,1,1,540510.8947884253
378,1395,3,3,3,1925,Rural,Fair,No,931779,1,1,0,552273.0327562378
379,4046,1,1,2,1938,Urban,Excellent,Yes,240732,3,0,1,549943.9293624916
380,1351,5,2,1,1911,Downtown,Poor,Yes,246599,0,3,1,514902.6208451528
381,2187,5,1,2,1998,Downtown,Fair,No,244451,0,1,0,559252.208057621
382,2431,5,4,3,1913,Downtown,Excellent,Yes,406686,0,0,1,549869.0213767339
383,4246,5,1,2,1921,Rural,Good,No,746631,1,2,0,544633.9323699962
384,2927,2,3,3,1950,Rural,Fair,No,378756,1,1,0,554366.9854414553
385,2068,4,4,3,1922,Downtown,Excellent,Yes,188307,0,0,1,550889.364439471
386,4500,4,4,2,1947,Downtown,Fair,Yes,138757,0,1,1,526548.3133736935
387,3238,2,2,3,1970,Rural,Poor,No,459633,1,3,0,561279.5751308961
388,3998,3,3,3,2003,Rural,Excellent,No,934507,1,0,0,562632.8280075908
389,4413,3,4,1,1949,Suburban,Poor,Yes,346753,2,3,1,492717.57433317177
390,1566,5,3,1,1988,Suburban,Good,No,939217,2,2,0,507120.5376318106
391,4880,1,1,1,1912,Suburban,Poor,Yes,304200,2,3,1,517900.97329340986
392,2944,3,3,1,1984,Downtown,Excellent,No,597933,0,0,0,516185.86738850013
393,4607,1,4,3,2004,Urban,Fair,Yes,506089,3,1,1,548435.8034342405
394,3873,4,2,2,1909,Rural,Excellent,No,769918,1,0,0,538513.389828108
395,4469,1,4,3,2016,Suburban,Poor,No,374377,2,3,0,543411.2995867007
396,3046,4,3,3,1954,Urban,Poor,Yes,423587,3,3,1,548582.7546660686
397,1253,2,3,3,2022,Rural,Fair,No,204473,1,1,0,563118.7985379284
398,2582,2,4,2,1908,Urban,Good,No,844203,3,2,0,508457.2024137119
399,3274,5,3,1,1978,Downtown,Excellent,No,517667,0,0,0,515648.7814084291
400,3396,3,1,3,1951,Downtown,Fair,No,522650,0,1,0,576874.9597608455
401,4685,5,4,3,1901,Downtown,Fair,No,510665,0,1,0,541218.9688207643
402,1275,4,2,1,1924,Suburban,Fair,No,414745,2,1,0,512399.82612316107
403,2125,5,4,3,1912,Rural,Excellent,No,535820,1,0,0,543438.1572675742
404,3569,1,1,2,1997,Downtown,Excellent,Yes,445158,0,0,1,564509.9816008564
405,917,4,1,3,1950,Suburban,Excellent,No,725748,2,0,0,575264.8978093237
406,614,2,1,3,1957,Suburban,Good,No,961656,2,2,0,570752.2588661157
407,1116,3,1,1,1933,Suburban,Fair,Yes,657539,2,1,1,527129.9085585086
408,4474,4,1,3,1934,Suburban,Poor,No,631330,2,3,0,564368.0640962564
409,3767,4,2,3,2001,Downtown,Poor,No,890172,0,3,0,567412.2956174728
410,1325,1,3,2,1902,Suburban,Fair,Yes,246945,2,1,1,527075.4090445581
411,2016,3,1,1,2005,Downtown,Poor,No,621312,0,3,0,531042.979168612
412,3646,2,1,1,2019,Downtown,Good,No,728810,0,2,0,534436.4577599609
413,912,4,4,2,1958,Suburban,Good,Yes,631253,2,2,1,521431.178927165
414,1228,4,2,3,1969,Downtown,Excellent,Yes,322201,0,0,1,576368.6655960081
415,3848,1,2,1,2018,Rural,Excellent,No,798609,1,0,0,526754.2991112714
416,3308,5,3,1,1947,Rural,Excellent,No,845415,1,0,0,509565.13608081825
417,1175,2,2,3,1963,Urban,Excellent,Yes,442613,3,0,1,567709.5929480895
418,3965,3,4,3,2012,Rural,Excellent,No,594283,1,0,0,553727.3458755465
419,3004,4,4,1,1918,Downtown,Poor,Yes,164587,0,3,1,495059.5062142909
420,3467,4,3,3,1966,Downtown,Poor,Yes,283076,0,3,1,557510.6627703971
421,3286,2,4,1,1981,Rural,Excellent,Yes,796988,1,0,1,506929.1190459956
422,1622,5,1,3,2002,Suburban,Good,No,520897,2,2,0,575830.8320520397
423,4579,4,1,3,1972,Suburban,Poor,Yes,88886,2,3,1,572463.5987418209
424,2071,2,4,2,2015,Downtown,Good,Yes,401169,0,2,1,532298.3856222213
425,2643,1,3,3,1975,Suburban,Good,Yes,539788,2,2,1,555859.8526577728
426,2187,5,2,2,1904,Urban,Fair,No,145149,3,1,0,530996.1307369629
427,4632,3,3,3,1966,Urban,Fair,No,668308,3,1,0,550487.4750977625
428,4351,4,2,1,1910,Rural,Excellent,No,576961,1,0,0,514796.44524045894
429,3940,2,4,1,2020,Rural,Good,Yes,913945,1,2,1,505917.9016963312
430,4266,1,4,3,1993,Suburban,Poor,No,73466,2,3,0,540899.1084824553
431,2826,3,1,3,1967,Downtown,Fair,No,287626,0,1,0,578895.9011037045
432,3414,2,2,1,1968,Rural,Fair,Yes,928977,1,1,1,522703.3612279548
433,4452,2,3,3,1900,Urban,Good,Yes,559966,3,2,1,544271.5953840476
434,1095,3,4,2,1990,Rural,Fair,No,624694,1,1,0,526130.8917168475
435,1228,1,3,2,1991,Rural,Fair,No,446904,1,1,0,535858.6759314457
436,1865,1,1,2,1962,Urban,Poor,Yes,643572,3,3,1,545756.9912824312
437,4992,5,2,2,1928,Downtown,Good,No,810006,0,2,0,537783.2655733409
438,1198,4,2,2,1981,Rural,Fair,Yes,951011,1,1,1,548930.332882047
439,895,3,4,3,1911,Rural,Good,Yes,587953,1,2,1,542237.2507439783
440,4671,3,2,3,1976,Rural,Fair,No,594929,1,1,0,566689.2484446941
441,4860,3,4,2,1940,Suburban,Poor,No,475716,2,3,0,511321.67223504605
442,3002,1,1,3,1901,Rural,Good,No,610085,1,2,0,565974.6379994882
443,2319,4,2,3,1936,Urban,Fair,No,790126,3,1,0,558062.3061075798
444,1217,5,4,2,1944,Downtown,Poor,Yes,358094,0,3,1,522452.91570184764
445,3282,2,3,3,1979,Downtown,Fair,No,992550,0,1,0,560075.8976228515
446,4077,2,4,3,1947,Urban,Good,No,965986,3,2,0,535920.6045427491
447,643,3,2,3,1923,Suburban,Fair,No,676627,2,1,0,559689.0938351654
448,3640,4,1,2,1998,Urban,Good,Yes,687719,3,2,1,552103.2202914269
449,4991,1,2,3,1921,Downtown,Good,No,282275,0,2,0,560110.2999053942
450,3438,4,2,1,1999,Urban,Fair,No,452854,3,1,0,517435.45242859726
451,4136,4,4,1,1910,Suburban,Poor,Yes,857605,2,3,1,488564.6612128974
452,3722,1,3,2,2018,Downtown,Excellent,Yes,718582,0,0,1,546952.7058164936
453,1667,3,2,1,1957,Suburban,Poor,Yes,231136,2,3,1,514537.28665332287
454,3116,4,3,2,1945,Urban,Poor,Yes,218082,3,3,1,523896.4330037572
455,1562,2,4,1,1928,Rural,Fair,Yes,303301,1,1,1,499046.95462433033
456,2656,1,3,1,1934,Urban,Poor,No,592383,3,3,0,494933.98113177205
457,3482,5,4,1,2011,Suburban,Poor,Yes,173554,2,3,1,500323.10942811373
458,3794,3,1,2,2017,Urban,Excellent,Yes,444655,3,0,1,559203.0164551984
459,1656,1,3,2,1914,Rural,Poor,Yes,962046,1,3,1,525727.0780154609
460,1232,5,3,3,1959,Suburban,Excellent,Yes,809277,2,0,1,560283.0884960282
461,4830,5,1,2,1994,Urban,Fair,Yes,528766,3,1,1,553904.1217982597
462,1453,4,3,1,1941,Suburban,Excellent,Yes,972879,2,0,1,510746.59410363145
463,3039,4,1,1,2004,Suburban,Good,Yes,663311,2,2,1,531943.4684907424
464,3824,4,2,2,1942,Downtown,Good,Yes,681469,0,2,1,543532.4847110078
465,3801,1,4,2,1979,Downtown,Excellent,No,272310,0,0,0,528742.1162947553
466,2042,1,1,2,1973,Suburban,Good,No,857032,2,2,0,548226.7603634014
467,1691,3,3,3,1948,Urban,Fair,No,838898,3,1,0,549590.6215861645
468,3493,4,1,1,1963,Urban,Good,Yes,830637,3,2,1,524572.234865559
469,3181,5,3,3,1931,Urban,Excellent,Yes,549344,3,0,1,553801.336679477
470,1717,2,2,3,1963,Rural,Fair,Yes,750457,1,1,1,570084.173346666
471,2040,3,1,1,2014,Suburban,Good,No,946366,2,2,0,529464.4366986875
472,3736,1,2,1,1901,Suburban,Fair,Yes,627564,2,1,1,512322.0755191564
473,2886,3,4,2,1923,Rural,Excellent,Yes,493333,1,0,1,524329.6011192698
474,4219,3,3,2,1986,Suburban,Good,Yes,490187,2,2,1,533112.5525437164
475,1888,3,3,3,1965,Suburban,Fair,No,319072,2,1,0,554008.8430635734
476,2356,3,2,2,1937,Rural,Fair,No,891741,1,1,0,539540.9830339978
477,1865,2,4,2,1930,Downtown,Good,Yes,255719,0,2,1,522805.05124950776
478,999,4,1,1,2014,Suburban,Fair,No,746248,2,1,0,532573.2113903267
479,2180,5,1,1,2003,Rural,Fair,Yes,800385,1,1,1,537449.1111020147
480,1010,3,3,2,1925,Urban,Excellent,Yes,749192,3,0,1,530048.6702338924
481,4812,3,2,1,1928,Downtown,Excellent,No,166196,0,0,0,519093.104038843
482,1824,3,2,2,1966,Urban,Excellent,No,59404,3,0,0,540428.4722470125
483,1655,4,1,1,2021,Suburban,Excellent,No,476855,2,0,0,535685.4088566009
484,2327,1,4,1,1977,Downtown,Excellent,No,783478,0,0,0,505437.497779679
485,3641,1,4,1,1924,Rural,Excellent,Yes,503814,1,0,1,500240.7583928909
486,3986,2,1,1,1947,Suburban,Good,Yes,687475,2,2,1,524894.8727905074
487,2310,1,1,2,1964,Rural,Excellent,No,946881,1,0,0,554841.6020638904
488,3423,3,2,3,1952,Downtown,Fair,No,601972,0,1,0,567045.4773983798
489,2714,3,4,1,1966,Urban,Good,Yes,642879,3,2,1,495281.575310338
490,4686,3,1,2,2017,Suburban,Fair,Yes,431965,2,1,1,558863.6566995222
491,1213,2,1,2,1989,Suburban,Excellent,Yes,783082,2,0,1,559488.3423006366
492,4102,3,3,1,1917,Rural,Excellent,Yes,314826,1,0,1,509472.4333100442
493,4634,1,1,3,1908,Downtown,Fair,No,161186,0,1,0,571291.1764876733
494,4022,4,1,1,1937,Rural,Fair,No,817469,1,1,0,525319.3021363813
495,4768,4,4,2,1986,Downtown,Fair,No,596120,0,1,0,526980.9913718085
496,1743,5,2,3,1920,Suburban,Poor,Yes,591285,2,3,1,557898.3893303016
497,4209,1,4,2,2020,Downtown,Poor,Yes,346784,0,3,1,529331.1078953786
498,1581,3,2,1,1964,Suburban,Poor,No,520098,2,3,0,511502.2456940141
499,955,4,3,3,1920,Downtown,Poor,No,90491,0,3,0,549439.2282409323
500,1394,1,1,2,1926,Urban,Good,No,113043,3,2,0,540603.3336580084
501,1884,4,3,2,2005,Downtown,Excellent,Yes,948607,0,0,1,546593.2085182981
502,2458,3,2,2,2022,Urban,Fair,No,178568,3,1,0,543915.4248074087
503,3572,4,4,1,1969,Downtown,Excellent,Yes,426394,0,0,1,508312.6673357917
504,2496,5,4,3,2018,Downtown,Fair,No,647013,0,1,0,555236.4987834861
505,4785,5,3,1,1943,Rural,Excellent,No,178131,1,0,0,508547.0349516571
506,1004,4,2,1,1999,Rural,Good,No,95520,1,2,0,520953.74852690886
507,1714,1,3,1,1927,Suburban,Poor,Yes,375063,2,3,1,500943.52650757146
508,2031,1,3,3,1944,Rural,Excellent,Yes,684157,1,0,1,560335.3008839524
509,3940,1,1,1,1916,Downtown,Fair,Yes,638730,0,1,1,529023.5256131939
510,1323,4,3,1,2022,Rural,Excellent,Yes,835313,1,0,1,522498.0175245253
511,1428,1,1,1,1939,Downtown,Good,Yes,202842,0,2,1,530003.1436300414
512,633,3,1,1,2021,Urban,Good,Yes,417390,3,2,1,532070.4740246354
513,2605,5,4,2,2015,Downtown,Excellent,No,752858,0,0,0,533786.8780715778
514,4127,3,1,1,1902,Suburban,Poor,Yes,421831,2,3,1,517329.62764631544
515,2352,1,1,2,1975,Urban,Fair,No,572485,3,1,0,548329.4111690964
516,4675,3,4,1,2002,Suburban,Good,Yes,697735,2,2,1,501161.60446485475
517,3433,1,3,3,1975,Suburban,Good,No,635765,2,2,0,551699.8296827554
518,3784,4,2,2,1965,Suburban,Excellent,No,574532,2,0,0,542274.7532351563
519,4798,3,2,2,2019,Rural,Good,Yes,915885,1,2,1,549117.5729105655
520,3311,4,2,2,1945,Suburban,Good,No,500953,2,2,0,535052.2135513009
521,1750,4,3,2,1985,Urban,Fair,Yes,227561,3,1,1,534078.0780408342
522,4012,2,1,3,1986,Downtown,Poor,Yes,964394,0,3,1,579151.5695246083
523,1756,1,2,1,1929,Suburban,Fair,Yes,907735,2,1,1,516236.3104615622
524,3876,5,3,2,1968,Urban,Poor,Yes,340534,3,3,1,526327.2834363844
525,3986,1,1,3,1908,Suburban,Fair,No,584535,2,1,0,566381.350199075
526,4084,5,4,2,1984,Downtown,Excellent,Yes,250123,0,0,1,533583.7465843206
527,1896,1,2,1,1910,Urban,Good,No,765079,3,2,0,505030.94139326405
528,4137,4,1,2,1968,Urban,Poor,No,477894,3,3,0,542101.2875476205
529,3830,3,2,3,1998,Downtown,Excellent,No,531018,0,0,0,574645.458369363
530,3203,3,2,1,1990,Urban,Good,Yes,257358,3,2,1,517659.91773763165
531,970,2,2,3,2012,Downtown,Good,No,866015,0,2,0,572036.5534234737
532,1853,5,1,1,1965,Urban,Good,Yes,566456,3,2,1,525560.4653727901
533,3283,5,3,1,1987,Urban,Fair,No,189148,3,1,0,506344.6069040937
534,3331,5,1,1,1930,Downtown,Excellent,Yes,985510,0,0,1,533941.0897158971
535,857,4,2,2,1932,Downtown,Excellent,Yes,196123,0,0,1,548698.5309365392
536,3519,5,1,3,1938,Urban,Good,Yes,447530,3,2,1,569171.2436563128
537,1167,3,4,3,1993,Urban,Poor,Yes,602958,3,3,1,543632.5231774234
538,4968,4,3,3,1945,Downtown,Excellent,No,543973,0,0,0,558440.3711323343
539,1645,1,1,1,1936,Rural,Fair,No,961352,1,1,0,525722.0314986969
540,4685,5,4,2,2014,Downtown,Poor,Yes,60236,0,3,1,529003.355624942
541,4219,5,3,1,1991,Urban,Poor,No,85568,3,3,0,501283.39444144873
542,3245,1,4,3,1959,Urban,Poor,Yes,681615,3,3,1,538739.4760514088
543,1039,5,3,2,1930,Urban,Poor,Yes,305745,3,3,1,523138.1077500058
544,3279,1,1,2,1910,Downtown,Excellent,No,422332,0,0,0,550967.2785157704
545,4636,4,4,2,1986,Urban,Good,Yes,535119,3,2,1,520573.86153239413
546,4275,3,2,3,2020,Rural,Poor,Yes,328496,1,3,1,570501.0638723908
547,3008,1,4,2,1901,Suburban,Fair,Yes,700009,2,1,1,516384.26887473394
548,3279,2,3,2,2003,Rural,Fair,Yes,309291,1,1,1,540410.9993495726
549,1424,1,1,1,2004,Downtown,Good,Yes,488866,0,2,1,537324.8301323147
550,3456,5,3,1,1926,Urban,Excellent,No,453562,3,0,0,501984.4252914362
551,2081,4,4,2,1998,Downtown,Good,No,730516,0,2,0,526789.069687647
552,3824,4,4,2,1901,Suburban,Poor,No,105904,2,3,0,507460.4527357727
553,4985,1,2,1,2002,Downtown,Excellent,Yes,981539,0,0,1,530951.2984852336
554,755,3,1,1,2000,Urban,Excellent,Yes,958573,3,0,1,534810.5826849323
555,2338,2,1,1,1920,Suburban,Poor,Yes,328252,2,3,1,519911.5602754304
556,2444,4,4,3,1957,Suburban,Fair,Yes,572247,2,1,1,546951.637317371
557,509,5,1,3,1904,Urban,Poor,Yes,839285,3,3,1,563923.0417787555
558,3371,5,2,1,1951,Urban,Good,Yes,396300,3,2,1,513468.70700970764
559,1297,3,3,2,1944,Urban,Poor,No,316320,3,3,0,520493.7434415837
560,1515,4,1,1,1984,Downtown,Fair,Yes,674747,0,1,1,538011.6522300557
561,2324,1,4,3,1992,Rural,Poor,No,469136,1,3,0,544112.2573652058
562,4969,5,3,2,1919,Downtown,Good,Yes,235922,0,2,1,530703.2377055528
563,3636,3,3,3,1960,Downtown,Good,No,187901,0,2,0,555356.8534945006
564,2693,4,2,2,1937,Rural,Fair,Yes,173225,1,1,1,543400.606886843
565,723,4,4,3,1919,Urban,Good,No,543406,3,2,0,534321.7389398663
566,4658,4,1,2,2013,Urban,Good,No,810135,3,2,0,549544.8391477237
567,4425,4,4,2,1924,Rural,Poor,Yes,271738,1,3,1,516255.53346586315
568,4500,4,3,2,1901,Rural,Excellent,Yes,954890,1,0,1,531296.1761448431
569,2133,5,4,2,2020,Downtown,Good,No,685181,0,2,0,529379.3960938776
570,2652,3,1,3,1931,Suburban,Good,Yes,910359,2,2,1,571030.1064849433
571,1010,4,1,3,1925,Rural,Fair,Yes,528076,1,1,1,576273.5778270789
572,884,2,2,2,1969,Downtown,Fair,Yes,954610,0,1,1,550013.5821784877
573,904,2,1,2,1940,Suburban,Poor,No,292726,2,3,0,542504.4638064359
574,2500,3,1,3,2020,Urban,Poor,Yes,352811,3,3,1,575956.0820052894
575,3256,1,4,2,1966,Urban,Good,No,771202,3,2,0,514597.27917935274
576,2168,1,4,2,1996,Downtown,Excellent,No,479059,0,0,0,531284.2001130132
577,1960,1,3,2,1900,Downtown,Excellent,Yes,756168,0,0,1,534340.9791171068
578,4136,2,2,1,1950,Rural,Poor,No,473759,1,3,0,511390.38713680534
579,3224,1,4,2,1904,Urban,Fair,Yes,515996,3,1,1,514059.67971432226
580,4678,5,1,1,1912,Downtown,Good,Yes,56611,0,2,1,526244.3356040913
581,2548,4,3,2,1918,Urban,Good,No,400386,3,2,0,519793.61287415714
582,4646,2,4,3,1911,Urban,Excellent,No,921044,3,0,0,536799.6600487072
583,1216,3,2,1,1947,Rural,Poor,No,883334,1,3,0,512307.44997126004
584,2323,3,2,1,1924,Suburban,Excellent,No,821812,2,0,0,514440.327391151
585,2581,4,3,2,1956,Rural,Excellent,No,345187,1,0,0,534371.2297218626
586,3919,2,3,2,2014,Downtown,Poor,Yes,186343,0,3,1,538831.2979007217
587,2074,1,3,1,1934,Rural,Fair,No,909299,1,1,0,505468.478649009
588,749,1,3,3,1975,Rural,Good,Yes,389233,1,2,1,559167.1721938773
589,1173,5,3,3,1993,Urban,Fair,Yes,895177,3,1,1,558979.3504584592
590,2665,5,1,2,1904,Rural,Poor,No,540092,1,3,0,540751.047686843
591,1270,1,1,3,1997,Downtown,Poor,No,240191,0,3,0,577455.0130963328
592,4462,3,4,3,1921,Suburban,Good,No,716933,2,2,0,535556.7365987238
593,4863,3,2,2,2002,Rural,Fair,No,726769,1,1,0,545897.6594146197
594,2484,5,1,3,1976,Rural,Good,No,922402,1,2,0,575150.925064066
595,1577,4,1,2,1956,Suburban,Excellent,Yes,336608,2,0,1,555897.512295382
596,735,1,1,1,1946,Downtown,Excellent,Yes,299220,0,0,1,536209.762504857
597,888,5,4,2,1953,Downtown,Excellent,Yes,486056,0,0,1,531320.8630558674
598,3537,5,3,1,1902,Rural,Fair,No,692811,1,1,0,501833.34967735433
599,2348,1,4,1,2023,Urban,Excellent,No,594950,3,0,0,502871.5487825086
600,3314,1,2,3,1952,Rural,Good,Yes,854660,1,2,1,565522.9260990092
601,3874,3,2,3,1983,Suburban,Fair,No,635009,2,1,0,565204.4391484311
602,3778,4,2,3,1930,Suburban,Good,No,712746,2,2,0,556829.3347559486
603,1752,4,2,2,1968,Suburban,Poor,No,843294,2,3,0,535665.5812113447
604,4481,1,1,3,1987,Rural,Fair,Yes,614396,1,1,1,581523.7582377743
605,2622,2,1,1,2003,Rural,Good,No,141788,1,2,0,530448.68087316
606,2650,5,4,3,2017,Downtown,Good,Yes,518239,0,2,1,556345.1294630076
607,1829,5,3,3,1932,Urban,Fair,No,294437,3,1,0,548001.1469080632
608,1858,1,2,2,1971,Rural,Poor,No,811299,1,3,0,538143.9625204282
609,2982,2,4,2,1987,Downtown,Fair,Yes,916572,0,1,1,531370.9644284358
610,2517,3,1,1,1949,Rural,Excellent,No,732561,1,0,0,529692.3668442395
611,1831,1,1,2,1983,Downtown,Excellent,No,905010,0,0,0,559744.8545389333
612,4844,1,3,3,2023,Downtown,Poor,No,99966,0,3,0,559146.0906994195
613,4761,5,3,2,1915,Urban,Good,Yes,235846,3,2,1,522594.4123632223
614,1858,1,3,1,2013,Rural,Good,No,322530,1,2,0,511872.3039775689
615,3677,1,4,3,2015,Downtown,Good,No,651516,0,2,0,551337.9020925461
616,2628,1,1,1,1975,Suburban,Fair,No,196297,2,1,0,527156.9107204011
617,2680,5,1,2,1976,Suburban,Fair,No,459909,2,1,0,551426.291577924
618,637,3,3,2,2008,Suburban,Poor,No,384341,2,3,0,530534.3522171117
619,3972,3,2,1,2005,Urban,Excellent,Yes,93021,3,0,1,524205.61234858213
620,3332,1,3,3,1938,Downtown,Good,Yes,431059,0,2,1,556587.067921999
621,4079,5,4,2,1988,Urban,Excellent,No,199333,3,0,0,522441.4314858887
622,3531,3,3,2,1945,Rural,Fair,No,470594,1,1,0,530058.6330312382
623,4664,3,3,3,1995,Rural,Fair,Yes,953606,1,1,1,562756.3666293013
624,3093,3,4,2,1987,Downtown,Fair,No,826934,0,1,0,527604.6117377386
625,4800,5,3,1,2011,Suburban,Excellent,No,136755,2,0,0,513619.8419685348
626,4318,5,1,2,1946,Downtown,Poor,No,979441,0,3,0,547425.1513518875
627,4638,1,2,2,1943,Downtown,Poor,No,116330,0,3,0,536501.7077004554
628,4323,4,3,3,1908,Downtown,Fair,No,752726,0,1,0,551945.4157992058
629,4542,3,4,1,2003,Urban,Good,No,908754,3,2,0,494889.4895559246
630,2406,4,2,3,2013,Rural,Excellent,No,938750,1,0,0,574435.276523873
631,1260,5,4,2,1986,Downtown,Fair,No,619601,0,1,0,528461.883334405
632,3945,5,2,2,1949,Downtown,Excellent,Yes,284729,0,0,1,549558.9944549205
633,1399,5,2,3,1976,Downtown,Excellent,Yes,807071,0,0,1,577223.9935352362
634,4955,4,3,3,1959,Urban,Poor,No,339176,3,3,0,544555.7737682824
635,3447,5,1,3,2022,Urban,Fair,No,535179,3,1,0,577378.3668087891
636,2219,1,3,1,1995,Urban,Poor,No,198430,3,3,0,501971.60447077604
637,780,5,4,2,2013,Downtown,Fair,No,898142,0,1,0,531687.0309893204
638,3766,2,4,3,1914,Suburban,Excellent,Yes,407470,2,0,1,543911.554821786
639,2387,4,2,2,1935,Suburban,Poor,Yes,398301,2,3,1,535561.5745945979
640,3766,2,2,1,2012,Suburban,Excellent,Yes,492037,2,0,1,527519.8134769619
641,1166,5,1,1,1962,Rural,Fair,Yes,78365,1,1,1,533221.4796446268
642,4688,1,3,1,1968,Downtown,Good,No,325333,0,2,0,508296.33293096477
643,1171,3,4,1,1985,Suburban,Poor,No,519965,2,3,0,494161.33816870744
644,2469,5,2,2,1979,Suburban,Poor,No,581536,2,3,0,536761.5449368025
645,4656,1,1,1,1940,Suburban,Excellent,Yes,54369,2,0,1,528868.3037095711
646,3622,4,4,1,1973,Downtown,Excellent,No,506979,0,0,0,504887.50675649976
647,4400,2,2,3,1923,Suburban,Good,No,975554,2,2,0,555536.5248422895
648,1023,2,4,1,1981,Suburban,Poor,Yes,865037,2,3,1,497491.4397199608
649,2893,2,1,3,1948,Downtown,Fair,Yes,886048,0,1,1,580454.1101331253
650,3617,4,1,1,1917,Rural,Fair,Yes,497695,1,1,1,527079.0109636256
651,3093,1,4,1,1906,Urban,Poor,Yes,415863,3,3,1,485537.43331664405
652,2468,4,3,3,1903,Suburban,Poor,Yes,221955,2,3,1,545640.8164813209
653,2253,2,4,1,1989,Urban,Poor,No,607343,3,3,0,491483.82986044
654,2796,5,2,2,1968,Rural,Good,No,774091,1,2,0,540552.4937289922
655,2761,3,3,2,1959,Rural,Fair,Yes,428824,1,1,1,535787.6172755995
656,2786,4,2,1,1954,Suburban,Fair,No,319594,2,1,0,515197.65949572885
657,4702,4,4,2,1915,Downtown,Excellent,No,183997,0,0,0,521586.4837754646
658,3378,1,3,3,1998,Rural,Excellent,No,523267,1,0,0,562042.570289835
659,4643,1,2,1,1989,Urban,Poor,No,100272,3,3,0,510296.04709201376
660,4144,4,4,1,1981,Urban,Excellent,Yes,55310,3,0,1,501705.96069027093
661,4932,2,4,3,1928,Urban,Good,No,81817,3,2,0,533452.2809323058
662,2555,3,3,3,1922,Urban,Fair,No,558350,3,1,0,546330.5153926974
663,1776,1,4,3,2016,Rural,Fair,No,536160,1,1,0,552177.6514177792
664,3266,2,1,1,1913,Suburban,Excellent,Yes,487744,2,0,1,526494.5432067127
665,802,5,2,3,1978,Suburban,Poor,No,790176,2,3,0,560935.437766046
666,1138,1,2,3,1948,Urban,Excellent,Yes,132641,3,0,1,565901.825611175
667,555,2,4,2,1932,Suburban,Poor,Yes,789443,2,3,1,515798.8924999836
668,1025,2,4,2,1924,Urban,Good,Yes,781670,3,2,1,514713.8764066043
669,4623,3,1,1,1920,Urban,Fair,Yes,589745,3,1,1,521738.66218864534
670,2625,3,3,2,1916,Downtown,Good,No,92311,0,2,0,527144.3554351827
671,3787,5,4,2,1922,Rural,Fair,Yes,971484,1,1,1,521560.17770385527
672,864,2,4,3,1956,Rural,Good,Yes,201958,1,2,1,547184.2383747805
673,2146,2,4,3,2006,Urban,Excellent,Yes,520328,3,0,1,552315.5380484473
674,1418,3,4,2,1980,Rural,Good,Yes,494093,1,2,1,526161.0143604235
675,3297,1,2,2,1957,Suburban,Good,Yes,697861,2,2,1,539867.2566253034
676,2031,1,4,2,1913,Urban,Excellent,No,409571,3,0,0,514251.29176187556
677,3845,4,2,1,1992,Downtown,Fair,Yes,872613,0,1,1,528085.4206301207
678,2406,3,4,1,1919,Suburban,Fair,No,214334,2,1,0,491405.9107462095
679,3586,4,3,1,1929,Downtown,Excellent,No,968451,0,0,0,509877.88766353624
680,2575,3,1,2,1918,Downtown,Good,Yes,443238,0,2,1,551108.6692797164
681,1213,5,3,2,1952,Rural,Good,No,837560,1,2,0,529427.2548380002
682,1562,2,4,1,2002,Rural,Good,No,653810,1,2,0,500948.2642768663
683,2476,5,4,1,1955,Urban,Poor,No,213394,3,3,0,487967.2920264591
684,1796,3,4,2,1976,Rural,Fair,Yes,98929,1,1,1,528141.2563720171
685,625,2,3,3,1981,Downtown,Good,Yes,655984,0,2,1,562602.6853876759
686,4096,1,4,1,1922,Downtown,Fair,Yes,427389,0,1,1,499844.10808776814
687,3783,1,3,2,1961,Suburban,Good,Yes,846240,2,2,1,530199.2276054883
688,2103,4,2,2,2009,Downtown,Excellent,Yes,669436,0,0,1,556891.2382691067
689,566,3,1,3,1932,Urban,Excellent,Yes,496098,3,0,1,574516.9368039023
690,732,3,1,2,2002,Urban,Fair,Yes,858157,3,1,1,556114.5347919527
691,2656,1,3,2,2003,Rural,Fair,No,384678,1,1,0,536661.2890350757
692,1669,5,2,1,1917,Rural,Excellent,No,352094,1,0,0,516748.2183716711
693,2658,2,3,1,1972,Rural,Poor,Yes,794314,1,3,1,508360.6828913778
694,4706,5,2,3,1932,Urban,Excellent,No,133576,3,0,0,559403.1848682489
695,1993,5,4,3,1931,Downtown,Good,Yes,70557,0,2,1,546912.5026046125
696,4507,1,2,2,1960,Rural,Poor,Yes,596113,1,3,1,539743.5383553095
697,2972,1,2,1,1953,Suburban,Excellent,Yes,321142,2,0,1,521047.7931810677
698,3160,1,2,3,1916,Rural,Poor,No,86080,1,3,0,555095.4750799055
699,3239,4,1,3,1918,Urban,Poor,Yes,833103,3,3,1,564317.7929162785
700,2261,5,2,3,1990,Rural,Poor,Yes,238869,1,3,1,568161.9833926322
701,4014,3,4,2,1969,Downtown,Fair,Yes,721162,0,1,1,529079.9567941795
702,2475,2,4,1,1998,Rural,Excellent,Yes,978671,1,0,1,509155.2975197702
703,2862,4,4,3,2019,Urban,Fair,No,543844,3,1,0,547337.444433151
704,1376,3,2,1,2000,Urban,Fair,Yes,616695,3,1,1,522064.21760187234
705,4312,5,3,3,1933,Suburban,Good,No,170283,2,2,0,547162.9627369604
706,3948,1,3,3,1983,Urban,Good,No,63338,3,2,0,549823.4193179159
707,1812,5,4,1,1924,Suburban,Poor,Yes,650577,2,3,1,491167.1740300221
708,1960,2,1,1,1967,Downtown,Poor,Yes,514736,0,3,1,530508.722771172
709,3209,4,3,1,1973,Urban,Good,No,724255,3,2,0,502087.69375601725
710,2824,4,2,2,1973,Rural,Good,No,228982,1,2,0,540972.0996578344
711,2233,2,3,3,1987,Downtown,Excellent,No,967461,0,0,0,563955.9665562013
712,2105,3,4,2,1984,Rural,Poor,No,159367,1,3,0,519915.0632792471
713,3063,3,1,1,1910,Rural,Poor,Yes,378042,1,3,1,521218.9087795199
714,3921,4,3,3,1990,Rural,Good,No,970958,1,2,0,556179.1458219553
715,4017,4,3,2,1915,Downtown,Excellent,No,691774,0,0,0,531781.4618195144
716,2897,1,4,3,1989,Downtown,Good,No,398684,0,2,0,548709.6065880456
717,4235,3,1,2,1960,Urban,Good,No,544775,3,2,0,543605.9447870482
718,3370,2,1,1,1993,Rural,Fair,Yes,788497,1,1,1,535467.4366126255
719,1660,3,4,2,2012,Suburban,Poor,Yes,493853,2,3,1,524516.3627269012
720,742,1,2,3,1979,Urban,Excellent,Yes,830343,3,0,1,569545.1616911903
721,3090,4,3,3,1906,Downtown,Fair,No,710709,0,1,0,552194.0384543927
722,1563,4,2,3,1915,Suburban,Poor,No,961848,2,3,0,553415.339921441
723,4824,1,3,3,1998,Downtown,Good,Yes,876395,0,2,1,562770.7336659903
724,3095,2,3,1,2021,Suburban,Excellent,Yes,450966,2,0,1,518859.52308430977
725,1419,4,2,2,1915,Urban,Poor,No,407073,3,3,0,527245.3898039258
726,505,5,4,1,1939,Suburban,Good,Yes,727823,2,2,1,495934.71950111137
727,967,4,4,1,1911,Urban,Fair,No,649223,3,1,0,488611.2869390983
728,4670,5,3,1,1934,Downtown,Excellent,No,764152,0,0,0,510157.1024072686
729,503,1,4,3,2012,Suburban,Poor,No,850118,2,3,0,544485.0145037957
730,1145,1,3,3,1920,Rural,Fair,No,549555,1,1,0,551540.5792021574
731,617,4,4,3,1949,Rural,Good,No,113528,1,2,0,542899.8677071817
732,3428,3,3,2,1942,Downtown,Good,No,674099,0,2,0,529763.8117390467
733,3051,5,4,3,1999,Suburban,Poor,Yes,558907,2,3,1,546429.0574333688
734,4789,2,1,2,2011,Rural,Good,Yes,334931,1,2,1,558019.0921633561
735,1346,4,2,3,1916,Urban,Excellent,Yes,982280,3,0,1,562616.2878347996
736,3262,2,1,3,1931,Suburban,Poor,No,427757,2,3,0,564230.555078158
737,1641,4,2,1,1940,Suburban,Fair,Yes,762787,2,1,1,517917.4660802368
738,2310,3,2,1,1905,Rural,Poor,No,834429,1,3,0,507157.0688791242
739,1223,3,3,1,1987,Urban,Poor,No,154887,3,3,0,501718.88226150855
740,724,3,2,2,1926,Urban,Fair,No,111086,3,1,0,533770.5263189491
741,4708,3,1,2,1919,Urban,Good,No,938663,3,2,0,538806.8397928639
742,2548,1,1,3,1924,Suburban,Fair,Yes,305494,2,1,1,572592.2909365009
743,4915,1,4,2,1965,Downtown,Excellent,Yes,558889,0,0,1,530593.7596515409
744,2073,5,1,3,1908,Suburban,Good,Yes,637596,2,2,1,568927.8605134715
745,2328,2,4,2,1991,Suburban,Poor,No,327941,2,3,0,517905.5329414026
746,2417,4,2,2,1952,Rural,Good,Yes,317446,1,2,1,542619.959430452
747,4734,4,1,2,1960,Downtown,Good,Yes,506388,0,2,1,555141.6016604203
748,2526,1,2,1,1937,Urban,Excellent,Yes,612347,3,0,1,516837.8833391436
749,4244,4,1,2,1902,Rural,Good,No,181980,1,2,0,542362.2433525155
750,1401,1,1,1,1983,Suburban,Good,Yes,765612,2,2,1,529809.8368780989
751,2539,5,4,1,1969,Downtown,Good,No,523875,0,2,0,499834.0026473602
752,509,2,2,2,2002,Urban,Poor,Yes,193949,3,3,1,540983.8251563668
753,760,5,1,3,1996,Urban,Good,No,326383,3,2,0,572906.9732554035
754,2173,3,3,3,1954,Suburban,Fair,Yes,77313,2,1,1,556516.9349986475
755,2719,3,2,3,1900,Urban,Good,Yes,92103,3,2,1,555002.055235671
756,2560,3,2,2,2000,Urban,Excellent,Yes,229480,3,0,1,547831.0346216067
757,4213,5,2,3,1969,Downtown,Good,No,526467,0,2,0,566345.8309877057
758,2119,4,4,1,1944,Rural,Good,Yes,138771,1,2,1,498324.2354784645
759,820,2,3,3,1997,Downtown,Poor,Yes,176228,0,3,1,561753.6441555435
760,1842,3,2,2,1946,Rural,Fair,No,141665,1,1,0,540752.0790794892
761,2876,3,1,3,1978,Rural,Good,No,846966,1,2,0,574960.0662836923
762,3332,3,1,1,2008,Rural,Fair,No,879492,1,1,0,533447.6117810651
763,3324,2,4,2,1925,Urban,Excellent,No,853621,3,0,0,515238.50883912144
764,2494,3,1,3,2020,Downtown,Poor,Yes,964863,0,3,1,583696.6796217692
765,3458,2,2,2,1913,Urban,Fair,Yes,660355,3,1,1,534979.4784722336
766,2538,3,1,2,2021,Suburban,Poor,No,847399,2,3,0,551131.2500994855
767,3990,5,2,2,1953,Downtown,Good,Yes,787351,0,2,1,544840.204938668
768,4177,5,1,3,1970,Rural,Excellent,No,901995,1,0,0,578976.5431011259
769,1618,2,3,2,1945,Urban,Poor,Yes,320804,3,3,1,524206.6905663142
770,2104,5,4,3,2021,Urban,Good,No,430815,3,2,0,545410.7277360664
771,4527,2,4,1,1930,Downtown,Fair,Yes,534091,0,1,1,500712.132309267
772,735,5,3,3,1987,Downtown,Excellent,No,179909,0,0,0,564929.8326638134
773,2469,5,3,1,1958,Rural,Excellent,No,483039,1,0,0,511126.3692359707
774,4929,2,4,3,1994,Rural,Fair,Yes,499058,1,1,1,552477.4606853535
775,2408,4,3,2,1928,Suburban,Fair,Yes,190688,2,1,1,529985.4228155338
776,875,5,2,3,2005,Rural,Excellent,Yes,125976,1,0,1,578111.8557474692
777,4030,3,1,2,1995,Urban,Poor,No,807496,3,3,0,545050.3647179868
778,3135,4,4,1,1916,Suburban,Excellent,Yes,229810,2,0,1,497353.0139084211
779,2070,2,3,3,1913,Suburban,Fair,No,325251,2,1,0,547950.0569756225
780,3060,4,2,2,2003,Suburban,Poor,Yes,766764,2,3,1,542960.9341900115
781,3891,1,4,1,1935,Downtown,Good,Yes,668470,0,2,1,498810.9390417876
782,3465,1,3,1,1957,Rural,Excellent,No,817441,1,0,0,510100.0889002947
783,4143,5,4,3,2011,Suburban,Fair,No,928219,2,1,0,548656.3502312206
784,4350,5,3,1,1923,Downtown,Good,Yes,852386,0,2,1,507745.7375992599
785,1372,3,4,2,2008,Downtown,Excellent,No,329087,0,0,0,533206.9689048973
786,1752,4,2,1,1962,Suburban,Excellent,No,90725,2,0,0,519071.96373301145
787,1814,1,2,1,2017,Suburban,Poor,Yes,881866,2,3,1,520972.4100599856
788,3398,5,1,2,1990,Urban,Fair,No,922183,3,1,0,550147.5717442558
789,577,4,4,1,1924,Suburban,Good,Yes,584398,2,2,1,494085.0620394419
790,3121,5,1,1,1958,Urban,Excellent,Yes,548864,3,0,1,529436.7987843187
791,4727,5,4,1,1931,Suburban,Poor,No,328606,2,3,0,486978.8095441996
792,1100,1,3,1,2015,Suburban,Good,Yes,391376,2,2,1,513665.83371649665
793,1565,1,3,2,1981,Rural,Good,No,759441,1,2,0,532027.0025432148
794,2636,5,1,1,2009,Suburban,Excellent,Yes,496015,2,0,1,537946.1229223983
795,2949,2,4,2,1917,Suburban,Good,No,640855,2,2,0,511909.14922287327
796,2843,5,1,1,1936,Urban,Excellent,No,532517,3,0,0,523209.6331923677
797,2363,5,2,1,1925,Urban,Poor,No,756584,3,3,0,504495.6361610545
798,1818,3,1,1,1908,Rural,Poor,No,439569,1,3,0,517615.72754274966
799,4097,3,1,1,2023,Suburban,Good,No,892495,2,2,0,529687.4638382585
800,4262,3,3,2,1998,Suburban,Excellent,Yes,163394,2,0,1,539599.4054020128
801,2690,2,1,2,1963,Urban,Fair,Yes,891672,3,1,1,550837.2385396416
802,1492,2,4,2,1971,Downtown,Poor,No,917784,0,3,0,521133.32621220284
803,3212,5,3,3,1919,Downtown,Excellent,Yes,198940,0,0,1,560176.3025430958
804,2692,3,1,1,1953,Downtown,Excellent,No,393133,0,0,0,532655.0133592159
805,1748,2,2,1,2005,Urban,Excellent,No,72222,3,0,0,521071.1872609925
806,3554,1,1,2,1985,Urban,Good,Yes,129794,3,2,1,550274.0762385149
807,4533,5,1,3,1982,Downtown,Fair,Yes,638212,0,1,1,584051.0029696244
808,2497,4,1,1,1929,Downtown,Good,No,674142,0,2,0,525007.8856275162
809,4187,5,3,2,1952,Suburban,Poor,No,914945,2,3,0,523128.8941094928
810,2651,4,4,1,1991,Urban,Good,No,834326,3,2,0,494397.53511324694
811,4518,3,2,1,1998,Urban,Excellent,No,891081,3,0,0,519351.03799754137
812,3610,4,1,2,2006,Downtown,Good,No,415130,0,2,0,556897.567218956
813,2470,3,4,2,1962,Downtown,Excellent,No,818103,0,0,0,527604.5798374006
814,697,1,4,1,1910,Rural,Fair,Yes,920181,1,1,1,497219.5454680189
815,3126,4,3,1,1930,Urban,Good,No,283127,3,2,0,497277.03146785306
816,1702,5,2,2,1948,Rural,Good,No,554434,1,2,0,538720.5786134464
817,2535,3,3,1,2011,Suburban,Good,Yes,191295,2,2,1,512929.31715434574
818,977,5,4,1,2002,Rural,Excellent,No,229238,1,0,0,506723.21870164765
819,1754,2,4,2,1999,Downtown,Excellent,No,89369,0,0,0,531913.8804757864
820,1422,3,4,1,1993,Urban,Good,Yes,922811,3,2,1,498818.7851790252
821,919,4,3,1,1986,Urban,Good,No,905824,3,2,0,504431.8005389429
822,2704,3,2,3,1918,Rural,Fair,Yes,849093,1,1,1,564769.7824198467
823,3097,5,1,2,1911,Rural,Fair,No,720951,1,1,0,546525.3143566177
824,1620,1,3,3,1914,Suburban,Poor,Yes,383862,2,3,1,546807.3433270807
825,3568,3,4,3,1930,Suburban,Fair,Yes,760595,2,1,1,543346.2703356255
826,1450,4,3,3,1942,Downtown,Fair,Yes,320114,0,1,1,560734.9640475715
827,2836,2,4,1,2000,Downtown,Fair,No,97922,0,1,0,505388.82771760074
828,2743,1,1,1,1936,Downtown,Excellent,No,543614,0,0,0,530455.4694014915
829,3145,2,1,3,1978,Rural,Fair,Yes,867187,1,1,1,581156.3630829169
830,2357,3,2,3,1928,Rural,Fair,Yes,695214,1,1,1,566029.3158632256
831,2365,5,4,3,2013,Urban,Good,No,69416,3,2,0,544409.4805783445
832,3412,5,2,1,2006,Downtown,Excellent,No,63672,0,0,0,528680.7648564581
833,3353,4,2,3,1925,Rural,Poor,No,526684,1,3,0,556433.0269111285
834,3728,5,1,3,2007,Urban,Poor,No,178145,3,3,0,570429.1434731337
835,4219,1,3,2,1901,Downtown,Fair,No,752356,0,1,0,527153.0348457792
836,3728,5,3,2,1983,Suburban,Poor,Yes,910527,2,3,1,530652.8575618011
837,2871,4,2,1,1914,Suburban,Poor,No,50064,2,3,0,505508.3195027919
838,3391,3,1,2,2015,Rural,Poor,Yes,118835,1,3,1,556563.5711933441
839,4256,3,4,2,1903,Urban,Fair,No,251457,3,1,0,509959.4787133401
840,4725,5,3,2,1985,Suburban,Poor,Yes,973143,2,3,1,530494.9327914051
841,594,2,2,1,1949,Urban,Fair,Yes,297795,3,1,1,516488.5269952768
842,3174,3,3,2,1937,Urban,Good,No,454271,3,2,0,521560.0471172199
843,2455,5,3,1,1922,Suburban,Good,Yes,399738,2,2,1,503202.5320296134
844,1293,4,4,3,1958,Urban,Poor,Yes,996931,3,3,1,539775.2026125528
845,2334,5,1,2,1989,Suburban,Good,Yes,691204,2,2,1,554303.7263237861
846,2616,3,4,1,2014,Rural,Fair,Yes,956740,1,1,1,508459.7309024908
847,4606,4,1,2,1974,Downtown,Good,No,918948,0,2,0,552911.0256154832
848,3825,5,3,3,1927,Downtown,Poor,Yes,901098,0,3,1,553113.7108499442
849,3419,1,2,1,2019,Rural,Fair,No,245346,1,1,0,524455.8040239993
850,3097,4,4,1,1965,Suburban,Excellent,Yes,954726,2,0,1,502885.88416280854
851,3705,1,1,1,2022,Suburban,Fair,No,323010,2,1,0,532036.0365389208
852,1314,2,3,3,1907,Suburban,Good,No,53889,2,2,0,544988.9084972321
853,845,4,1,3,1928,Suburban,Excellent,No,168194,2,0,0,572814.9793735271
854,2849,1,1,3,1910,Rural,Fair,Yes,174714,1,1,1,573479.3957506696
855,862,3,1,1,2000,Downtown,Excellent,No,605623,0,0,0,538651.3372755616
856,2943,3,3,3,1917,Urban,Excellent,No,100547,3,0,0,548194.2965928104
857,2765,2,2,2,1954,Urban,Excellent,Yes,207234,3,0,1,542439.1154176338
858,2688,4,2,3,1949,Downtown,Fair,No,794809,0,1,0,567122.8161723772
859,3505,4,2,1,1913,Rural,Good,Yes,730047,1,2,1,514163.87663864065
860,3781,4,1,2,2017,Urban,Fair,Yes,935188,3,1,1,556764.7511585708
861,1484,2,3,3,1973,Downtown,Good,No,323139,0,2,0,557515.2033645969
862,2139,4,1,2,1998,Rural,Fair,Yes,499704,1,1,1,560414.918445485
863,1327,3,2,2,1908,Urban,Fair,Yes,52631,3,1,1,535368.0829320148
864,3230,1,2,1,1998,Suburban,Fair,Yes,187039,2,1,1,523440.4529677557
865,4031,3,3,2,1910,Suburban,Good,No,924726,2,2,0,520769.4440138329
866,4951,3,1,2,1962,Rural,Fair,Yes,399422,1,1,1,555147.2718727209
867,3435,1,4,1,2007,Suburban,Excellent,Yes,638759,2,0,1,507087.7638100281
868,4376,3,4,1,1975,Rural,Fair,Yes,349260,1,1,1,503391.25034727785
869,626,2,2,1,1966,Downtown,Excellent,No,928548,0,0,0,524848.5887148798
870,3677,1,3,2,1952,Downtown,Poor,Yes,477443,0,3,1,531809.2837472468
871,3556,3,1,2,1938,Urban,Poor,No,707302,3,3,0,538813.3213098745
872,1103,5,1,2,1977,Rural,Good,Yes,621952,1,2,1,556004.8341244911
873,3949,3,2,1,1955,Urban,Good,No,733429,3,2,0,509575.18571082776
874,4646,2,2,3,1927,Urban,Poor,No,137342,3,3,0,550737.0408949489
875,4033,4,1,2,1974,Downtown,Fair,No,64407,0,1,0,555707.2200808143
876,3867,3,1,3,1938,Urban,Fair,Yes,163926,3,1,1,571348.042365095
877,3868,4,2,1,1924,Suburban,Fair,Yes,371345,2,1,1,515259.71797848627
878,4297,5,1,2,1920,Urban,Poor,Yes,916525,3,3,1,540623.286137144
879,2292,3,4,3,1909,Rural,Excellent,No,497564,1,0,0,542770.6805243634
880,3361,1,2,2,1942,Suburban,Good,Yes,787341,2,2,1,538153.3953772141
881,3976,4,1,2,1914,Downtown,Excellent,Yes,592166,0,0,1,555404.4638041006
882,3917,5,2,2,1982,Rural,Poor,No,133100,1,3,0,539122.343231439
883,2145,1,3,3,1947,Suburban,Excellent,Yes,915061,2,0,1,558049.9116567977
884,1705,1,2,1,1985,Rural,Fair,Yes,498636,1,1,1,525141.9311306089
885,3530,1,2,2,1920,Suburban,Fair,No,544308,2,1,0,534330.4249180236
886,3372,1,3,1,1959,Rural,Excellent,No,273059,1,0,0,510361.0653774495
887,3572,3,4,1,2015,Rural,Poor,Yes,617456,1,3,1,503052.9791361157
888,2354,3,1,3,2007,Suburban,Excellent,No,300396,2,0,0,580999.12602091
889,4521,3,3,3,1995,Downtown,Fair,Yes,824769,0,1,1,565390.7539778264
890,3208,5,2,1,1949,Downtown,Fair,Yes,367006,0,1,1,523620.3894923831
891,4002,5,1,2,1922,Rural,Poor,Yes,78004,1,3,1,546120.7550133725
892,1832,5,3,3,1912,Rural,Excellent,Yes,856903,1,0,1,557338.9002365449
893,701,2,1,2,1968,Downtown,Fair,Yes,574252,0,1,1,559903.0173800524
894,4007,5,1,2,1903,Downtown,Fair,No,666108,0,1,0,547854.078595072
895,4712,3,3,2,1991,Urban,Excellent,No,241239,3,0,0,532202.2945264512
896,1074,3,1,1,1977,Downtown,Excellent,Yes,676517,0,0,1,539836.0718956009
897,1036,2,4,2,1971,Rural,Good,No,527044,1,2,0,521305.12546885863
898,2125,2,3,1,1908,Suburban,Poor,No,901740,2,3,0,494922.14396091795
899,2622,5,4,1,2020,Downtown,Poor,Yes,396113,0,3,1,506826.03895492415
900,885,4,2,2,2014,Urban,Excellent,No,64568,3,0,0,546327.7126067459
901,3781,2,1,2,1934,Urban,Poor,No,583754,3,3,0,538143.658436779
902,974,1,2,2,2000,Urban,Fair,Yes,272129,3,1,1,545599.1286588612
903,917,3,2,2,1920,Suburban,Excellent,Yes,631612,2,0,1,542032.4771153285
904,4100,1,1,1,1957,Downtown,Excellent,Yes,938640,0,0,1,536155.3435089053
905,1454,3,3,2,1917,Downtown,Excellent,Yes,196539,0,0,1,536715.3855222034
906,1705,3,1,2,1996,Downtown,Good,Yes,650243,0,2,1,560227.2007516013
907,4620,2,2,1,1971,Suburban,Poor,Yes,197748,2,3,1,514846.3359759799
908,2490,2,2,3,2014,Suburban,Good,Yes,144791,2,2,1,570375.1874069764
909,4072,1,3,3,2012,Rural,Fair,No,736874,1,1,0,560776.5214736619
910,4880,3,1,1,1980,Urban,Poor,Yes,945150,3,3,1,523244.9884243768
911,4658,1,2,3,1942,Urban,Good,No,596938,3,2,0,554864.9557161835
912,3213,4,4,1,1994,Downtown,Excellent,No,400434,0,0,0,507409.6620987493
913,2703,1,2,2,1997,Suburban,Good,Yes,127701,2,2,1,544600.2458203274
914,3620,5,2,2,1905,Suburban,Excellent,No,847115,2,0,0,535713.4414416921
915,1466,1,3,3,1985,Downtown,Good,No,279164,0,2,0,558740.8114600952
916,3932,5,4,2,1977,Downtown,Good,No,503035,0,2,0,523845.4566058137
917,1188,5,2,3,1966,Rural,Good,Yes,655266,1,2,1,568447.5100550797
918,4743,5,2,3,1911,Urban,Excellent,No,579148,3,0,0,557023.9939884662
919,4201,4,4,2,1999,Urban,Good,No,709089,3,2,0,518348.65191953024
920,841,1,1,2,1911,Urban,Poor,Yes,605639,3,3,1,540407.0261480643
921,2224,1,1,3,2008,Rural,Poor,No,555920,1,3,0,575747.7423355666
922,4922,4,2,2,1965,Downtown,Poor,No,374888,0,3,0,539268.3168922018
923,2292,3,2,1,1901,Downtown,Excellent,No,729706,0,0,0,517020.8955973702
924,2259,2,1,2,1914,Urban,Excellent,No,956630,3,0,0,544204.1785423751
925,3712,1,3,2,1922,Urban,Poor,No,910587,3,3,0,516822.5949798211
926,1489,2,4,1,1928,Rural,Poor,Yes,171449,1,3,1,493923.043327397
927,2762,4,4,2,1980,Suburban,Poor,No,650988,2,3,0,516765.38999808696
928,2982,3,3,2,1995,Suburban,Fair,Yes,809774,2,1,1,537177.4900152109
929,1451,3,3,3,1906,Urban,Poor,No,843387,3,3,0,539800.9479798124
930,1222,3,3,2,1993,Rural,Good,Yes,307571,1,2,1,537632.0931626799
931,3889,4,3,2,1927,Urban,Fair,Yes,513506,3,1,1,526724.2068970442
932,2579,5,3,1,1913,Suburban,Fair,Yes,487509,2,1,1,504717.30115743313
933,3217,5,3,3,1943,Urban,Excellent,No,766696,3,0,0,551282.4979293336
934,2832,2,4,3,1929,Suburban,Good,No,858094,2,2,0,536951.3866418358
935,3876,5,3,3,1980,Suburban,Excellent,No,580696,2,0,0,557775.5203832535
936,2000,5,1,2,1931,Suburban,Excellent,No,745763,2,0,0,549195.8119072603
937,785,3,3,3,2009,Downtown,Good,No,313369,0,2,0,561970.7964180261
938,3995,3,3,1,1969,Downtown,Excellent,Yes,979700,0,0,1,517949.104787999
939,2565,2,4,3,2014,Urban,Good,Yes,513002,3,2,1,547903.4861666618
940,1268,1,4,1,1987,Suburban,Good,Yes,196444,2,2,1,500516.2504686966
941,3557,2,3,3,1905,Downtown,Excellent,No,831608,0,0,0,554212.4862269392
942,4789,2,4,3,1926,Urban,Poor,No,591567,3,3,0,530706.0192643782
943,2661,4,2,1,1981,Urban,Excellent,Yes,160401,3,0,1,522139.3441554102
944,3793,4,4,3,1987,Urban,Fair,No,276801,3,1,0,543375.8831793028
945,1446,2,4,3,2000,Urban,Excellent,No,821668,3,0,0,548052.4354648255
946,3835,2,4,3,2019,Urban,Good,Yes,553575,3,2,1,547978.4969701497
947,4650,2,4,2,1923,Rural,Fair,Yes,928836,1,1,1,520942.968077191
948,1981,5,1,1,2001,Suburban,Good,No,219259,2,2,0,528288.5247379096
949,2401,4,1,3,1933,Urban,Poor,No,297145,3,3,0,562472.6968326252
950,3951,2,1,1,1939,Rural,Poor,Yes,360625,1,3,1,524010.82980563253
951,4564,3,3,1,1946,Suburban,Fair,No,733835,2,1,0,503548.96410975134
952,554,3,3,1,1978,Downtown,Poor,Yes,94552,0,3,1,512557.1359660486
953,2323,5,2,3,1974,Urban,Poor,Yes,249041,3,3,1,561177.4119312142
954,3962,5,1,3,1985,Rural,Excellent,Yes,257606,1,0,1,584604.8512717693
955,3579,1,3,1,2017,Downtown,Excellent,No,804965,0,0,0,519392.76863567834
956,1332,1,4,2,1923,Rural,Poor,Yes,836157,1,3,1,516933.43098712043
957,4908,1,4,1,1964,Suburban,Poor,Yes,450074,2,3,1,493951.1611564676
958,3306,5,1,2,1917,Suburban,Excellent,No,779846,2,0,0,547117.2515055748
959,2990,5,2,1,1943,Downtown,Poor,Yes,124474,0,3,1,517876.49750615185
960,827,5,2,1,1975,Rural,Poor,No,337312,1,3,0,515875.686235492
961,3810,3,4,1,1956,Urban,Good,No,606387,3,2,0,489877.7757278589
962,3800,5,2,3,2006,Urban,Poor,No,252252,3,3,0,560357.1316609283
963,4175,3,1,2,1927,Downtown,Fair,Yes,814742,0,1,1,554083.3105683654
964,3554,1,4,2,2003,Downtown,Good,Yes,373599,0,2,1,530244.3154594698
965,2643,1,3,1,2023,Downtown,Fair,No,628528,0,1,0,517852.20867932326
966,1811,1,3,3,1970,Rural,Poor,No,386940,1,3,0,551763.544584099
967,3691,2,2,3,1922,Urban,Excellent,No,891024,3,0,0,558268.9207007401
968,3038,2,4,2,1984,Urban,Good,Yes,835034,3,2,1,520697.3150405278
969,4483,4,4,3,1933,Urban,Excellent,No,434325,3,0,0,539605.3354742455
970,664,4,3,2,1910,Downtown,Good,No,302051,0,2,0,527355.0089920998
971,4777,4,4,2,1985,Urban,Excellent,No,151611,3,0,0,521702.60621090955
972,1322,2,4,2,2005,Suburban,Good,Yes,632334,2,2,1,526301.1981461182
973,1443,2,4,3,1934,Downtown,Good,No,824756,0,2,0,543207.147060207
974,4925,4,2,2,2015,Urban,Fair,Yes,66488,3,1,1,546168.138053326
975,1274,4,4,2,1992,Rural,Excellent,Yes,239913,1,0,1,532852.4554720356
976,2698,5,1,1,1941,Downtown,Fair,No,430665,0,1,0,528990.7556540188
977,3656,4,2,2,1927,Suburban,Fair,No,967899,2,1,0,535468.4903634755
978,4742,5,4,2,2022,Suburban,Excellent,No,758029,2,0,0,528595.0636452169
979,4195,3,4,1,1981,Rural,Good,Yes,716205,1,2,1,501560.5340222063
980,3952,2,1,1,1977,Rural,Fair,Yes,741419,1,1,1,533441.8835129127
981,1414,4,2,3,1981,Downtown,Excellent,Yes,68394,0,0,1,577648.5955340033
982,1808,2,3,2,1991,Downtown,Good,No,930425,0,2,0,535771.9435629786
983,4677,2,3,3,1923,Suburban,Fair,Yes,226978,2,1,1,551930.7452556422
984,1013,2,2,3,1907,Rural,Fair,No,109332,1,1,0,560191.7239768759
985,2420,3,4,1,2005,Downtown,Fair,No,218377,0,1,0,506244.5120680544
986,4094,1,4,3,2017,Suburban,Good,No,92628,2,2,0,546244.0177447136
987,1909,4,3,2,2008,Rural,Fair,Yes,857784,1,1,1,541766.040078912
988,3690,1,3,1,1952,Suburban,Good,Yes,529898,2,2,1,505575.5489737739
989,4991,1,3,2,1971,Urban,Poor,Yes,919403,3,3,1,525705.740568318
990,2055,1,1,2,1903,Rural,Fair,No,101993,1,1,0,545493.940294557
991,1304,2,3,1,1990,Downtown,Poor,Yes,220458,0,3,1,513487.59162290563
992,1779,5,1,2,1999,Downtown,Excellent,Yes,939459,0,0,1,565954.0241957926
993,4077,2,2,1,1904,Urban,Fair,No,500281,3,1,0,506225.75328505144
994,3401,2,4,2,1996,Rural,Excellent,No,956644,1,0,0,528363.6332259482
995,1887,1,3,1,1948,Suburban,Excellent,Yes,528720,2,0,1,510969.9608691038
996,3261,2,4,3,1997,Downtown,Excellent,No,556357,0,0,0,554755.3459364385
997,3179,1,4,2,1929,Urban,Poor,Yes,58539,3,3,1,511740.44967062323
998,2606,5,3,1,1971,Urban,Good,No,182335,3,2,0,502226.9208853921
999,4723,4,3,2,2002,Rural,Poor,No,456521,1,3,0,531000.4952121506
1000,3268,1,2,2,1962,Rural,Poor,Yes,890249,1,3,1,540444.9376119995
1001,4453,5,1,2,1946,Downtown,Excellent,No,991902,0,0,0,555101.2183139733
1002,3686,4,1,1,1925,Urban,Fair,No,290310,3,1,0,518938.1580003561
1003,3780,3,4,3,1956,Suburban,Good,No,256873,2,2,0,539760.4569401634
1004,3073,1,3,3,1936,Urban,Excellent,Yes,361251,3,0,1,553875.0440589621
1005,3099,1,2,3,1997,Suburban,Good,No,999656,2,2,0,564237.5028157517
1006,4533,3,2,1,1906,Suburban,Poor,No,536476,2,3,0,503835.9280233812
1007,736,3,2,3,1939,Downtown,Good,Yes,998128,0,2,1,567894.5293438028
1008,1804,1,2,1,1991,Urban,Good,Yes,965672,3,2,1,518044.74598691415
1009,3930,3,2,2,1938,Suburban,Fair,No,411799,2,1,0,536469.2613614297
1010,1801,2,1,2,1961,Rural,Excellent,No,630420,1,0,0,554832.0860838084
1011,3041,4,1,3,2002,Suburban,Good,No,962133,2,2,0,575152.7700950702
1012,2551,4,1,1,1991,Rural,Good,Yes,155494,1,2,1,533246.4139988157
1013,941,4,3,2,1977,Rural,Poor,No,889411,1,3,0,529638.5252280042
1014,2576,2,4,1,1952,Urban,Poor,Yes,894445,3,3,1,491049.258198815
1015,3680,3,2,1,2013,Rural,Good,Yes,275997,1,2,1,525225.6682190846
1016,3157,5,3,2,2001,Suburban,Excellent,No,638085,2,0,0,536770.9521571492
1017,4298,3,2,1,1903,Rural,Good,No,101798,1,2,0,508743.8022077083
1018,1304,1,1,2,2005,Urban,Good,Yes,722010,3,2,1,553391.134263978
1019,574,4,3,2,1981,Downtown,Fair,No,469230,0,1,0,537961.4355786697
1020,2675,3,1,2,2007,Suburban,Excellent,No,650709,2,0,0,557229.9009046621
1021,4424,5,2,1,2011,Suburban,Fair,Yes,319578,2,1,1,524976.4998468473
1022,2589,1,2,2,1924,Urban,Excellent,No,866460,3,0,0,535139.0867372623
1023,540,2,4,1,1906,Urban,Excellent,Yes,640846,3,0,1,494379.25552298536
1024,2581,2,2,2,2001,Urban,Excellent,No,860763,3,0,0,543946.4443700599
1025,2122,5,1,2,1927,Urban,Fair,Yes,117573,3,1,1,547399.4569834003
1026,841,1,2,3,1968,Suburban,Fair,Yes,703761,2,1,1,568271.7677124746
1027,4552,4,4,3,1966,Downtown,Fair,No,517508,0,1,0,548457.5100002047
1028,2574,3,4,3,2007,Rural,Poor,Yes,227398,1,3,1,549827.3033757876
1029,1145,1,1,1,1994,Rural,Fair,Yes,395123,1,1,1,536302.4291676868
1030,4763,2,3,1,2010,Downtown,Poor,No,840555,0,3,0,510554.1906763766
1031,1109,5,2,2,2005,Downtown,Poor,No,328747,0,3,0,545371.1315722608
1032,954,5,4,2,2021,Downtown,Poor,No,378085,0,3,0,527369.1358099661
1033,3453,3,2,2,1919,Urban,Good,Yes,92597,3,2,1,533213.8447556512
1034,2208,5,2,2,1982,Suburban,Good,Yes,768598,2,2,1,543632.1024150535
1035,3972,5,3,1,2011,Suburban,Good,Yes,920670,2,2,1,512642.5026891287
1036,3469,1,4,2,2023,Suburban,Poor,No,485935,2,3,0,520938.0758028221
1037,3528,4,2,2,1910,Urban,Poor,Yes,797146,3,3,1,529728.2007818411
1038,3181,3,4,3,2003,Suburban,Excellent,Yes,353895,2,0,1,554292.0732658644
1039,4129,1,1,2,1966,Urban,Poor,No,962894,3,3,0,541480.9615636185
1040,4725,4,1,2,1986,Suburban,Good,Yes,136978,2,2,1,552914.2590193541
1041,3567,1,2,2,1906,Downtown,Poor,No,329837,0,3,0,532746.4528111994
1042,1886,1,4,1,1922,Rural,Poor,No,532757,1,3,0,489105.6275957153
1043,4276,5,2,3,1960,Rural,Excellent,No,218769,1,0,0,567880.595709078
1044,3366,4,4,2,1970,Urban,Poor,Yes,406668,3,3,1,516684.073164883
1045,3863,3,4,2,2009,Suburban,Fair,Yes,410013,2,1,1,528483.834139983
1046,4624,3,3,3,1933,Rural,Excellent,Yes,735352,1,0,1,558365.4260200292
1047,648,4,3,2,2005,Downtown,Poor,No,375969,0,3,0,535483.854598735
1048,4350,5,3,1,1918,Downtown,Poor,No,714882,0,3,0,500750.25047104026
1049,2558,2,2,2,1957,Downtown,Excellent,No,442619,0,0,0,546738.3973549107
1050,1636,1,3,1,1908,Urban,Poor,Yes,881838,3,3,1,496254.3364131579
1051,686,5,3,1,1947,Urban,Good,Yes,288078,3,2,1,504118.39329234883
1052,3354,4,1,2,2014,Suburban,Fair,Yes,290140,2,1,1,559170.4303769945
1053,1750,1,4,3,1981,Downtown,Fair,Yes,717481,0,1,1,554681.8709588738
1054,1833,3,4,1,1940,Suburban,Good,Yes,697659,2,2,1,495271.5260053745
1055,4693,2,3,3,1947,Suburban,Poor,No,457435,2,3,0,545619.0387850234
1056,4650,3,4,2,1944,Downtown,Poor,Yes,838049,0,3,1,520868.1255105761
1057,3211,4,1,1,2005,Suburban,Fair,No,93016,2,1,0,530709.5517500268
1058,2285,1,1,2,1924,Rural,Poor,No,493888,1,3,0,542618.5534332162
1059,1250,4,3,3,2015,Urban,Fair,Yes,336420,3,1,1,561294.6256198892
1060,2262,1,1,2,1977,Suburban,Fair,No,805247,2,1,0,551168.6652863887
1061,4420,5,4,2,2007,Downtown,Good,Yes,384384,0,2,1,530892.8578989762
1062,4960,2,2,1,1924,Urban,Fair,Yes,942724,3,1,1,511995.17410742014
1063,981,5,4,2,1918,Urban,Poor,No,236807,3,3,0,508020.84649977915
1064,653,5,2,2,1938,Suburban,Poor,Yes,592247,2,3,1,536698.548211286
1065,2024,4,3,2,2018,Rural,Excellent,Yes,602810,1,0,1,545424.0039589842
1066,2620,2,2,1,1978,Suburban,Poor,No,499303,2,3,0,512546.87023484765
1067,2843,1,1,3,1979,Rural,Excellent,No,453169,1,0,0,579971.8890289143
1068,1740,1,4,3,1926,Urban,Fair,No,76567,3,1,0,536897.0342604233
1069,560,3,2,2,2003,Suburban,Poor,No,503739,2,3,0,539932.5795100586
1070,1438,1,4,1,1973,Downtown,Good,No,112708,0,2,0,500176.7152257259
1071,2139,4,3,2,1962,Suburban,Good,No,176206,2,2,0,527485.4054534461
1072,4620,5,3,3,1967,Rural,Good,Yes,596848,1,2,1,557309.4416853567
1073,4726,5,1,1,2014,Rural,Fair,Yes,632678,1,1,1,537709.4445113325
1074,4069,5,3,3,1918,Suburban,Fair,Yes,700060,2,1,1,551999.4843260876
1075,1752,2,2,3,1927,Rural,Excellent,No,511365,1,0,0,564736.0533082425
1076,4703,1,3,1,1984,Urban,Good,Yes,357248,3,2,1,506210.57503796025
1077,671,4,1,1,2022,Suburban,Excellent,No,632093,2,0,0,536176.1905993791
1078,1958,2,4,2,2010,Rural,Excellent,Yes,286109,1,0,1,534351.2601671917
1079,4049,3,4,2,1977,Suburban,Poor,No,545951,2,3,0,515800.20432420186
1080,4697,4,3,3,1932,Suburban,Poor,Yes,336640,2,3,1,548050.0953880358
1081,2822,4,2,1,2011,Downtown,Good,No,788661,0,2,0,524185.91011214233
1082,2136,4,1,1,1909,Suburban,Fair,No,141257,2,1,0,520311.39094768086
1083,3615,5,2,2,1982,Downtown,Poor,No,53515,0,3,0,541817.8363582767
1084,4590,4,1,3,1929,Rural,Fair,No,578742,1,1,0,571491.7921066361
1085,3504,1,3,3,1921,Downtown,Excellent,Yes,287145,0,0,1,559758.4316518147
1086,829,4,1,2,1902,Downtown,Excellent,Yes,72873,0,0,1,555262.4848697733
1087,4140,5,1,1,2000,Downtown,Excellent,No,910352,0,0,0,537657.002446362
1088,4394,4,3,2,2004,Urban,Excellent,No,325871,3,0,0,533921.2576420848
1089,4607,3,2,2,1981,Downtown,Good,No,702664,0,2,0,543634.5197684708
1090,1841,3,3,2,1974,Suburban,Excellent,Yes,643358,2,0,1,537827.0030088036
1091,4163,5,1,2,1947,Downtown,Poor,No,935491,0,3,0,547597.3375586845
1092,715,1,3,1,1901,Suburban,Excellent,No,698852,2,0,0,502270.9291435322
1093,838,1,1,2,1975,Downtown,Fair,Yes,278497,0,1,1,560505.9685456776
1094,4562,2,3,1,1953,Urban,Poor,No,691501,3,3,0,496473.9380617879
1095,3208,5,4,2,1905,Rural,Fair,No,755339,1,1,0,516011.7787501649
1096,3652,4,4,3,2006,Downtown,Fair,Yes,599753,0,1,1,557164.5146438106
1097,2250,5,3,1,2022,Downtown,Good,No,234972,0,2,0,515845.5297959956
1098,2921,2,2,3,1939,Urban,Good,No,634087,3,2,0,555327.3761874706
1099,1209,5,1,2,2007,Downtown,Fair,Yes,560237,0,1,1,564498.0410169357
1100,4226,5,4,2,1992,Suburban,Fair,No,670417,2,1,0,522838.8556912937
1101,4142,2,2,2,2022,Downtown,Excellent,Yes,464546,0,0,1,557306.2103490126
1102,4493,1,1,1,1993,Downtown,Poor,No,713662,0,3,0,528474.1801041289
1103,988,4,4,3,1901,Rural,Excellent,No,419432,1,0,0,542503.6050319984
1104,546,2,4,1,1972,Rural,Good,No,293761,1,2,0,497960.19593408046
1105,3859,3,3,1,2010,Downtown,Good,No,292821,0,2,0,513610.31447726855
1106,900,1,1,2,1901,Urban,Excellent,No,62875,3,0,0,543129.7084470559
1107,4490,3,2,3,1992,Rural,Poor,Yes,601507,1,3,1,567265.1415005605
1108,3657,1,2,2,1996,Downtown,Fair,No,872614,0,1,0,547999.4220551383
1109,4845,4,2,1,1973,Rural,Excellent,No,785901,1,0,0,521701.5084717627
1110,890,4,1,2,1997,Downtown,Good,Yes,485485,0,2,1,560785.7552943666
1111,4353,5,2,3,2007,Rural,Poor,Yes,391925,1,3,1,569272.5010208655
1112,4930,3,2,2,1954,Rural,Good,No,56457,1,2,0,537890.2786863745
1113,1128,1,2,3,1971,Suburban,Poor,Yes,974253,2,3,1,563347.3567522353
1114,4732,4,3,3,2000,Downtown,Poor,No,83064,0,3,0,556997.0922327327
1115,3430,2,3,2,2017,Downtown,Poor,Yes,977325,0,3,1,539357.08003482
1116,2021,4,1,1,1959,Downtown,Excellent,Yes,689544,0,0,1,537577.7308723921
1117,1326,2,1,2,1996,Downtown,Excellent,No,934729,0,0,0,561535.6841988715
1118,2000,1,2,1,2010,Rural,Excellent,Yes,808947,1,0,1,530419.9838694104
1119,3794,4,3,1,1905,Suburban,Poor,No,259727,2,3,0,494208.3158208875
1120,2919,4,4,2,2007,Suburban,Poor,Yes,975168,2,3,1,523602.14587549213
1121,1434,1,4,1,2003,Urban,Good,Yes,210353,3,2,1,499674.90681183996
1122,3542,4,2,1,2008,Downtown,Fair,Yes,832351,0,1,1,530003.7503829832
1123,4997,2,2,2,1918,Urban,Excellent,No,286887,3,0,0,533670.6764863356
1124,1966,4,3,2,1995,Rural,Poor,No,475037,1,3,0,531271.7225839209
1125,4061,3,3,2,1926,Urban,Good,Yes,809129,3,2,1,523836.7825834632
1126,1114,5,3,1,1900,Downtown,Good,No,992151,0,2,0,502542.7523909942
1127,1682,2,1,3,2006,Suburban,Good,No,644206,2,2,0,575860.078863814
1128,3723,3,1,1,2015,Suburban,Excellent,No,263057,2,0,0,534082.2216318423
1129,3167,1,2,3,1932,Downtown,Excellent,Yes,526015,0,0,1,571058.4632355649
1130,630,2,1,2,1939,Rural,Fair,No,926611,1,1,0,550228.5446376394
1131,3483,5,3,3,1931,Downtown,Good,Yes,387088,0,2,1,556271.5997189163
1132,4778,5,3,2,1968,Rural,Excellent,Yes,139142,1,0,1,538867.443431602
1133,4959,1,1,2,1916,Suburban,Good,Yes,77603,2,2,1,544542.9269798385
1134,538,1,4,3,1907,Rural,Poor,Yes,882890,1,3,1,539082.5532937163
1135,4459,2,2,2,1956,Downtown,Good,Yes,120605,0,2,1,544599.6500235739
1136,4087,4,4,3,1941,Downtown,Fair,No,331767,0,1,0,545820.7735590618
1137,1420,1,2,2,1997,Downtown,Excellent,No,618728,0,0,0,551547.731151628
1138,3269,4,4,1,1908,Rural,Poor,Yes,918859,1,3,1,491252.0558633952
1139,4611,3,1,1,2019,Rural,Excellent,No,975208,1,0,0,536770.8529270906
1140,992,5,2,2,1986,Rural,Poor,No,405970,1,3,0,540696.9296876219
1141,1631,4,2,2,1934,Suburban,Good,No,339604,2,2,0,534459.0650223691
1142,4021,5,2,3,2013,Urban,Good,No,264117,3,2,0,563636.5053131516
1143,810,4,3,1,1970,Urban,Fair,No,788165,3,1,0,505247.7908469566
1144,1238,3,3,3,1978,Downtown,Fair,No,516727,0,1,0,560881.537568519
1145,3741,1,4,2,1952,Suburban,Poor,No,160373,2,3,0,512837.68731286685
1146,1045,3,1,2,1953,Rural,Fair,Yes,974069,1,1,1,555634.8396017017
1147,2961,1,3,3,1983,Downtown,Fair,Yes,317014,0,1,1,564373.4267815659
1148,4846,1,2,2,2013,Suburban,Fair,Yes,68909,2,1,1,548154.5288767266
1149,2304,5,3,1,1924,Downtown,Fair,No,321261,0,1,0,507364.22725034953
1150,3712,3,1,3,1966,Suburban,Good,No,299975,2,2,0,570707.9378076332
1151,4310,4,3,1,2023,Suburban,Fair,Yes,903906,2,1,1,516307.27840686205
1152,1313,3,2,1,1961,Urban,Good,No,668214,3,2,0,511263.94105098705
1153,4624,5,4,1,1954,Downtown,Good,No,487538,0,2,0,497343.4446824817
1154,2532,1,2,3,1945,Rural,Excellent,Yes,177463,1,0,1,570187.1013063903
1155,4913,5,1,2,1923,Urban,Good,Yes,151536,3,2,1,543300.3854031877
1156,744,2,4,1,1997,Urban,Good,Yes,856560,3,2,1,499397.09845532844
1157,771,2,3,1,1945,Rural,Fair,No,301981,1,1,0,507340.7547781849
1158,4011,4,3,1,1921,Suburban,Good,No,540533,2,2,0,498502.78585231694
1159,2271,5,3,2,1910,Rural,Poor,No,381145,1,3,0,521714.7259408621
1160,1762,4,4,2,1947,Downtown,Fair,Yes,836872,0,1,1,527600.5625624955
1161,2924,4,2,3,1907,Rural,Fair,Yes,230685,1,1,1,563579.1607647457
1162,4861,2,4,2,1938,Suburban,Fair,No,697779,2,1,0,516115.2970025529
1163,1420,4,4,3,2006,Rural,Excellent,Yes,979167,1,0,1,558018.8539148244
1164,3930,2,1,3,1934,Suburban,Fair,Yes,547275,2,1,1,573320.0687888765
1165,4935,1,4,3,1948,Suburban,Good,No,200619,2,2,0,538150.1904788136
1166,4984,5,3,3,1945,Downtown,Poor,Yes,655950,0,3,1,554695.4102543271
1167,3124,4,2,3,1937,Rural,Fair,Yes,810416,1,1,1,566880.8285735879
1168,4260,2,2,1,1907,Rural,Fair,Yes,50005,1,1,1,515508.5538428515
1169,2550,3,2,2,1953,Downtown,Poor,No,284152,0,3,0,538695.7736187241
1170,4000,4,3,1,1936,Suburban,Fair,No,319182,2,1,0,502772.26158319897
1171,1665,1,3,3,1990,Rural,Excellent,Yes,842846,1,0,1,565656.372783369
1172,875,1,3,2,1991,Downtown,Good,No,530875,0,2,0,535997.7859493482
1173,2533,3,3,1,1939,Suburban,Poor,No,905938,2,3,0,498389.2140407415
1174,645,2,3,1,1933,Downtown,Poor,No,913018,0,3,0,503465.23048414476
1175,4888,4,4,3,1995,Rural,Excellent,Yes,445822,1,0,1,555447.2616956251
1176,931,2,3,1,1978,Downtown,Good,No,852914,0,2,0,510999.0956559677
1177,1204,1,3,1,2007,Urban,Excellent,Yes,804189,3,0,1,515297.4592827209
1178,3132,2,3,1,1916,Suburban,Good,Yes,252945,2,2,1,501868.48086879915
1179,4994,1,3,1,1932,Urban,Excellent,No,608236,3,0,0,501538.1710365816
1180,1463,2,2,1,1946,Urban,Fair,Yes,402131,3,1,1,515816.7058941424
1181,2734,3,3,3,2009,Suburban,Excellent,No,272873,2,0,0,561214.8752347847
1182,2541,5,4,3,1951,Suburban,Poor,No,272322,2,3,0,537362.9927739284
1183,2328,3,4,1,2017,Downtown,Poor,Yes,70875,0,3,1,506335.7305375124
1184,2608,3,4,3,1979,Suburban,Poor,Yes,325201,2,3,1,544081.511090484
1185,4568,5,1,3,1992,Urban,Excellent,No,82400,3,0,0,576145.0045085244
1186,1438,5,2,2,1908,Urban,Poor,No,514674,3,3,0,526582.4857992015
1187,1306,4,3,1,1932,Rural,Poor,No,118607,1,3,0,500784.5947020182
1188,1963,4,1,3,1959,Suburban,Fair,No,923993,2,1,0,573300.4823882614
1189,3915,3,3,3,2012,Urban,Fair,Yes,339647,3,1,1,559799.8565339628
1190,510,3,1,1,1992,Rural,Good,Yes,466981,1,2,1,534010.6929487858
1191,2368,1,1,2,1976,Rural,Good,Yes,151096,1,2,1,554875.1735726764
1192,1384,1,4,1,1920,Downtown,Good,No,620900,0,2,0,494228.7310508078
1193,4064,4,4,2,1957,Urban,Excellent,Yes,934750,3,0,1,522679.74201791495
1194,1889,4,1,1,1984,Downtown,Good,Yes,311538,0,2,1,535291.9360658829
1195,3901,1,4,1,1968,Urban,Excellent,Yes,134335,3,0,1,499937.15378952905
1196,4821,1,1,1,1909,Downtown,Excellent,Yes,413133,0,0,1,530472.6051076931
1197,1324,2,2,1,1905,Downtown,Good,No,667300,0,2,0,512558.6935131792
1198,2765,2,4,2,2019,Suburban,Good,Yes,131748,2,2,1,527323.281915219
1199,1436,1,4,2,2014,Downtown,Excellent,Yes,976932,0,0,1,537449.051183747
1200,3300,2,4,3,2020,Suburban,Fair,Yes,736779,2,1,1,553452.1357988972
1201,3053,5,2,1,1912,Rural,Poor,Yes,115195,1,3,1,511781.70709947776
1202,4345,4,1,2,1964,Urban,Poor,No,779055,3,3,0,541570.8797057456
1203,2296,4,3,2,1919,Rural,Poor,No,664134,1,3,0,522585.9555319939
1204,553,1,4,2,1956,Urban,Fair,Yes,676692,3,1,1,520942.29932734836
1205,1226,3,1,1,2010,Rural,Excellent,No,351286,1,0,0,537058.1935460035
1206,3236,1,2,3,1945,Urban,Good,No,835608,3,2,0,555749.3019456625
1207,3670,2,3,2,1907,Downtown,Excellent,No,121540,0,0,0,530748.4335910281
1208,2413,3,4,1,1909,Urban,Excellent,No,743649,3,0,0,490273.5962432334
1209,2096,2,2,2,1972,Urban,Good,Yes,389092,3,2,1,539571.3729649475
1210,2414,5,2,2,2012,Rural,Fair,No,895383,1,1,0,548230.4623515727
1211,2966,2,3,3,2004,Rural,Poor,No,61755,1,3,0,555281.3858420824
1212,3237,5,1,2,1966,Rural,Poor,Yes,827203,1,3,1,551369.932466639
1213,1349,5,4,2,1910,Suburban,Excellent,Yes,430129,2,0,1,521142.27329829684
1214,2609,2,4,1,1911,Suburban,Fair,Yes,658841,2,1,1,494150.64768641384
1215,502,2,1,1,1909,Urban,Poor,Yes,184962,3,3,1,516798.9340062467
1216,4755,5,1,3,1924,Urban,Fair,No,930808,3,1,0,565839.1525963604
1217,4569,3,1,1,1948,Downtown,Good,Yes,306760,0,2,1,530075.0188185105
1218,1392,5,3,1,1948,Downtown,Excellent,No,67175,0,0,0,512993.52818525705
1219,2530,4,3,3,1988,Urban,Excellent,No,902119,3,0,0,556481.5949348086
1220,3660,5,4,2,1910,Suburban,Fair,Yes,921415,2,1,1,517678.14271531126
1221,2876,3,3,3,1961,Urban,Poor,Yes,531503,3,3,1,549303.6899445361
1222,2433,4,2,1,2017,Downtown,Fair,No,800071,0,1,0,527587.0970569965
1223,1880,1,4,3,1935,Suburban,Good,No,729648,2,2,0,537860.2370611716
1224,4181,1,3,2,1938,Suburban,Poor,Yes,96629,2,3,1,524880.0812699196
1225,1790,3,1,3,1952,Downtown,Poor,Yes,691067,0,3,1,576309.2337315612
1226,2140,5,2,1,1989,Urban,Fair,Yes,228872,3,1,1,520797.251345078
1227,3182,2,1,1,1977,Rural,Good,No,742727,1,2,0,527305.4058533219
1228,1487,3,4,3,2002,Urban,Poor,No,520970,3,3,0,540666.6864727669
1229,1718,4,1,2,1955,Urban,Excellent,Yes,380657,3,0,1,553151.2758922301
1230,1855,4,3,3,2003,Downtown,Good,No,657050,0,2,0,561016.5970562949
1231,4765,1,3,2,1900,Suburban,Poor,Yes,210094,2,3,1,520376.1705671453
1232,4635,4,4,2,1955,Downtown,Fair,No,774689,0,1,0,523540.95690643025
1233,2060,3,1,3,2017,Urban,Poor,No,969163,3,3,0,571930.9110654764
1234,1918,4,4,2,1903,Rural,Excellent,Yes,107941,1,0,1,522581.9842657705
1235,1454,3,1,1,1929,Rural,Good,Yes,355617,1,2,1,526552.9875211719
1236,1483,2,2,3,1911,Rural,Poor,Yes,760958,1,3,1,559166.0170541964
1237,1474,1,3,2,2019,Downtown,Excellent,No,66040,0,0,0,544072.8436323915
1238,4633,4,4,1,1934,Suburban,Poor,No,119806,2,3,0,487220.06630618364
1239,4472,3,2,3,1976,Downtown,Poor,Yes,718646,0,3,1,568049.6068228872
1240,1413,5,2,1,1951,Rural,Good,No,250211,1,2,0,515523.63751290576
1241,536,1,4,1,1930,Urban,Fair,Yes,686364,3,1,1,494374.9123291528
1242,3887,2,4,1,2001,Suburban,Fair,No,105916,2,1,0,499938.6712018917
1243,2211,3,2,2,2006,Downtown,Excellent,Yes,722960,0,0,1,556379.1577061046
1244,3520,2,1,3,1986,Downtown,Excellent,No,445507,0,0,0,583212.1851334928
1245,1295,2,2,3,1967,Suburban,Excellent,No,456339,2,0,0,566836.9610331682
1246,4536,4,4,2,1951,Suburban,Good,No,840243,2,2,0,515393.68894313206
1247,3611,4,2,3,1979,Urban,Fair,No,605564,3,1,0,562408.3338927267
1248,1824,3,1,1,1906,Suburban,Excellent,Yes,235217,2,0,1,526393.120598935
1249,817,5,3,3,1921,Urban,Excellent,No,917481,3,0,0,549727.2603231684
1250,2896,3,3,2,1992,Rural,Poor,Yes,251750,1,3,1,534300.1523252464
1251,2662,5,2,1,1974,Rural,Poor,Yes,269854,1,3,1,518914.269717978
1252,3245,2,1,2,1955,Downtown,Excellent,Yes,796403,0,0,1,560037.2781526188
1253,2091,1,3,1,1996,Rural,Poor,Yes,994218,1,3,1,511148.69103216485
1254,3611,3,2,1,1957,Rural,Poor,No,761045,1,3,0,512513.1969735522
1255,4430,3,2,3,1992,Urban,Poor,Yes,717554,3,3,1,562129.3391261273
1256,2496,5,1,1,1963,Downtown,Good,No,385206,0,2,0,528969.9927957463
1257,1812,2,4,2,2022,Suburban,Excellent,No,200434,2,0,0,529322.9358166462
1258,1785,2,2,3,2002,Downtown,Excellent,No,890931,0,0,0,575749.127613925
1259,4811,5,4,2,1911,Rural,Poor,No,620569,1,3,0,510919.46483060264
1260,2883,2,4,1,1906,Suburban,Good,Yes,881284,2,2,1,490906.2744255106
1261,3739,4,3,2,2022,Downtown,Poor,No,836408,0,3,0,536210.4434688919
1262,2639,1,4,2,1954,Downtown,Good,Yes,827981,0,2,1,525077.695561886
1263,2204,3,1,1,2002,Downtown,Excellent,No,554869,0,0,0,538360.8244956197
1264,862,1,3,3,2005,Downtown,Poor,No,753196,0,3,0,558649.307094886
1265,3104,3,3,2,1961,Urban,Excellent,Yes,578883,3,0,1,533298.1551705955
1266,2216,4,3,1,2011,Downtown,Good,No,670218,0,2,0,514487.080242944
1267,4951,2,2,3,1989,Rural,Fair,No,196474,1,1,0,567912.9489257595
1268,4786,5,2,3,2003,Rural,Good,No,311745,1,2,0,567375.1901647352
1269,4238,4,4,3,1972,Urban,Fair,No,770643,3,1,0,541515.5986511064
1270,2969,1,3,2,2004,Suburban,Excellent,No,404820,2,0,0,536650.1692207882
1271,1056,5,3,2,1997,Suburban,Excellent,Yes,748083,2,0,1,540984.3388453647
1272,1325,2,1,2,2008,Rural,Poor,No,232394,1,3,0,552580.1008751297
1273,3308,4,4,3,1976,Rural,Fair,No,752124,1,1,0,547482.3416890518
1274,3219,5,1,2,1954,Urban,Good,Yes,468127,3,2,1,547442.5598495525
1275,4008,4,4,1,2018,Suburban,Excellent,No,796648,2,0,0,504648.0963869424
1276,4241,4,4,2,1935,Suburban,Fair,Yes,855837,2,1,1,520137.57713119
1277,2074,2,2,2,1988,Downtown,Good,No,108122,0,2,0,545263.5868340599
1278,4498,3,2,3,1923,Downtown,Fair,No,804849,0,1,0,563366.4281045935
1279,2629,5,1,2,1943,Downtown,Good,Yes,282661,0,2,1,554168.8018111229
1280,2903,2,4,1,1916,Urban,Good,No,703197,3,2,0,485588.91874361644
1281,3829,4,3,3,1901,Rural,Good,No,315591,1,2,0,546191.5290360547
1282,1088,2,2,1,1912,Urban,Good,Yes,234215,3,2,1,509555.8390741112
1283,2512,3,3,3,1930,Suburban,Fair,Yes,60662,2,1,1,553683.8285290711
1284,2047,5,1,3,1992,Rural,Fair,No,506217,1,1,0,579696.7358440259
1285,794,3,2,2,2013,Downtown,Poor,Yes,632570,0,3,1,549984.1038666135
1286,2485,1,2,1,1927,Urban,Fair,No,448115,3,1,0,509295.0646429957
1287,3617,5,4,3,1959,Urban,Fair,Yes,865014,3,1,1,544279.364576113
1288,2190,3,1,2,1926,Downtown,Poor,No,641759,0,3,0,545725.1725338864
1289,1636,4,4,3,1914,Urban,Fair,Yes,697801,3,1,1,539840.1714264377
1290,2564,5,2,3,1994,Downtown,Good,Yes,223285,0,2,1,573651.4209100653
1291,4955,5,1,3,2003,Suburban,Excellent,Yes,681866,2,0,1,583670.9160666118
1292,1507,2,2,3,1978,Rural,Excellent,Yes,912303,1,0,1,574430.1273787064
1293,3014,4,1,3,1932,Suburban,Poor,Yes,657493,2,3,1,568560.3414674045
1294,4026,1,2,3,1919,Suburban,Fair,Yes,910513,2,1,1,561529.4642231858
1295,1747,3,3,2,1941,Downtown,Fair,Yes,942215,0,1,1,536729.6230552511
1296,4402,2,3,3,1911,Urban,Poor,Yes,284631,3,3,1,542953.622450501
1297,1935,3,4,1,2000,Suburban,Excellent,Yes,133805,2,0,1,507141.353069388
1298,1071,1,3,2,1972,Suburban,Good,No,174698,2,2,0,528623.8634940892
1299,2882,1,2,1,1922,Suburban,Fair,Yes,218902,2,1,1,515015.25017806666
1300,1745,5,2,3,1971,Urban,Poor,No,974570,3,3,0,557205.2761952195
1301,2584,1,3,1,1995,Urban,Good,Yes,60712,3,2,1,508263.72892418155
1302,777,3,4,3,2011,Downtown,Poor,No,393671,0,3,0,549691.3996182561
1303,2387,4,3,3,1913,Suburban,Poor,No,965885,2,3,0,542941.7069989636
1304,1765,4,1,2,1990,Rural,Poor,Yes,701176,1,3,1,554505.7439368146
1305,1540,5,1,2,1924,Urban,Excellent,Yes,806686,3,0,1,549861.2572240646
1306,1417,3,1,3,1976,Downtown,Excellent,No,568680,0,0,0,583026.9404234365
1307,1385,3,3,2,2018,Suburban,Poor,No,246437,2,3,0,531373.062847584
1308,3252,1,3,1,1984,Rural,Fair,Yes,661473,1,1,1,514503.05753846094
1309,521,3,3,2,2008,Urban,Good,Yes,411995,3,2,1,534431.9006783882
1310,3691,2,1,2,1930,Rural,Fair,Yes,474022,1,1,1,551895.018848746
1311,2853,1,4,1,2000,Urban,Excellent,No,586498,3,0,0,500087.2640238907
1312,1186,2,2,2,2011,Downtown,Good,Yes,86972,0,2,1,552051.4791477381
1313,784,5,3,3,2021,Rural,Poor,Yes,811254,1,3,1,562289.0383122442
1314,4247,4,4,1,2006,Suburban,Fair,Yes,346280,2,1,1,504485.2659669567
1315,1262,5,2,3,1953,Suburban,Fair,Yes,487513,2,1,1,566951.5935340296
1316,2928,4,2,1,1904,Urban,Poor,Yes,952877,3,3,1,505637.22191950574
1317,3007,5,2,3,1912,Suburban,Fair,No,852377,2,1,0,557807.2266645349
1318,528,3,4,3,1927,Rural,Excellent,No,800561,1,0,0,545475.7270357107
1319,1406,2,4,2,1942,Downtown,Poor,Yes,391324,0,3,1,521756.8800428296
1320,3604,4,1,3,1988,Urban,Fair,Yes,382597,3,1,1,577212.7224502707
1321,4499,1,4,2,2014,Rural,Poor,No,921836,1,3,0,522108.1047919696
1322,3494,2,4,1,1998,Urban,Good,Yes,980728,3,2,1,498452.8551904417
1323,3006,1,4,3,1946,Downtown,Poor,No,53052,0,3,0,541249.1731146575
1324,4109,2,2,3,2002,Urban,Fair,Yes,339416,3,1,1,568398.1248717722
1325,4053,2,3,1,1970,Suburban,Excellent,No,353294,2,0,0,508891.43379411765
1326,1953,5,1,1,1937,Suburban,Poor,No,801564,2,3,0,518515.7708591184
1327,3856,4,3,3,1995,Urban,Poor,Yes,198388,3,3,1,552888.7859899704
1328,1015,4,3,1,1966,Downtown,Fair,No,496605,0,1,0,512456.82768234814
1329,538,2,4,2,1961,Downtown,Excellent,Yes,712600,0,0,1,531958.1489498884
1330,3842,3,1,1,2008,Suburban,Excellent,No,933527,2,0,0,533248.1646109924
1331,1386,3,3,1,1938,Downtown,Good,Yes,380918,0,2,1,510308.66333565506
1332,3344,1,3,3,1936,Urban,Good,Yes,879607,3,2,1,548618.929065554
1333,2704,1,1,2,2018,Rural,Fair,Yes,443781,1,1,1,562051.9700486347
1334,1598,5,4,1,2013,Urban,Excellent,No,66375,3,0,0,502564.4936142227
1335,2323,2,3,2,1985,Suburban,Excellent,Yes,599998,2,0,1,538747.8368879592
1336,3701,1,2,2,1907,Suburban,Good,Yes,755255,2,2,1,534081.110106107
1337,3655,1,3,2,1980,Suburban,Good,Yes,828912,2,2,1,532388.1556132073
1338,3593,2,2,3,1951,Downtown,Fair,No,720534,0,1,0,566734.8047865047
1339,4030,5,4,1,1990,Urban,Excellent,Yes,419170,3,0,1,502896.0532163143
1340,4278,1,3,3,1932,Rural,Poor,No,530545,1,3,0,546535.9723683537
1341,3396,5,1,1,2009,Urban,Good,No,77597,3,2,0,526066.2326090372
1342,3953,4,1,1,1980,Rural,Fair,No,386433,1,1,0,530188.3800113599
1343,4011,5,3,3,1941,Urban,Excellent,Yes,481613,3,0,1,554608.533638115
1344,1488,3,4,2,1975,Suburban,Excellent,Yes,135687,2,0,1,528143.5596133741
1345,4616,3,4,2,2011,Rural,Good,No,168968,1,2,0,524566.7136139238
1346,4526,5,1,1,2009,Urban,Fair,Yes,614562,3,1,1,532064.3575630148
1347,4679,3,3,3,1926,Downtown,Poor,Yes,517453,0,3,1,552407.4463883931
1348,2182,4,4,2,2011,Downtown,Good,No,253570,0,2,0,528214.2839174588
1349,4463,2,1,2,1907,Urban,Fair,No,481413,3,1,0,539992.845692619
1350,1433,3,2,1,1922,Suburban,Excellent,Yes,622922,2,0,1,518413.546311745
1351,4098,3,3,1,2023,Rural,Poor,No,866473,1,3,0,509827.07984834746
1352,3733,5,2,3,2005,Urban,Fair,Yes,974752,3,1,1,569278.6447558639
1353,2480,4,2,1,2012,Downtown,Poor,No,397509,0,3,0,521853.97978768026
1354,2355,2,4,2,1963,Rural,Fair,Yes,969707,1,1,1,526329.6738062369
1355,3556,5,4,2,2022,Downtown,Fair,Yes,888418,0,1,1,535490.1526795471
1356,1292,5,4,2,1992,Downtown,Fair,No,861802,0,1,0,529125.2914007426
1357,1291,4,3,2,2013,Urban,Fair,Yes,347391,3,1,1,537407.7728020245
1358,2309,2,2,3,1919,Downtown,Poor,Yes,960835,0,3,1,562328.9464829321
1359,2755,4,3,3,1915,Rural,Good,No,431688,1,2,0,548180.928805234
1360,4110,2,4,1,1916,Suburban,Poor,Yes,256994,2,3,1,488984.9160193396
1361,2107,4,2,1,1979,Urban,Fair,Yes,830768,3,1,1,519551.0351597243
1362,1484,5,3,1,1918,Rural,Poor,Yes,443650,1,3,1,503128.6768024089
1363,4176,5,3,3,2019,Urban,Poor,No,637270,3,3,0,551744.9362058608
1364,3880,1,1,2,2019,Downtown,Poor,No,901612,0,3,0,555283.6843371474
1365,1019,3,3,1,1907,Downtown,Fair,No,682822,0,1,0,505678.12555567815
1366,1090,4,4,2,1937,Rural,Poor,No,739834,1,3,0,515144.83175932715
1367,1550,1,3,1,1937,Rural,Excellent,No,336788,1,0,0,508583.69481616106
1368,4133,3,2,1,1952,Suburban,Fair,Yes,612781,2,1,1,518178.4483671548
1369,4944,4,3,1,1992,Rural,Poor,Yes,395968,1,3,1,509999.94024413766
1370,1459,2,1,1,2004,Rural,Excellent,Yes,564922,1,0,1,540016.6364556116
1371,1192,3,2,1,1999,Urban,Poor,No,971463,3,3,0,513013.93172625656
1372,4399,5,2,2,1989,Downtown,Good,Yes,883721,0,2,1,548737.2574002547
1373,4973,1,1,1,1930,Rural,Poor,No,978647,1,3,0,518615.3653621764
1374,3446,3,4,2,1943,Suburban,Poor,Yes,482809,2,3,1,516059.3596087667
1375,1026,3,2,3,1959,Rural,Good,No,482331,1,2,0,563599.5859403894
1376,3724,5,4,1,1975,Downtown,Fair,Yes,816505,0,1,1,506486.69646703906
1377,2753,4,2,2,2018,Rural,Good,Yes,727900,1,2,1,549923.5971693043
1378,3844,2,2,3,1916,Urban,Fair,No,347625,3,1,0,554958.4316406767
1379,4465,5,4,3,1978,Downtown,Good,Yes,276577,0,2,1,551255.5116888814
1380,2375,2,2,3,1972,Rural,Poor,Yes,651385,1,3,1,565692.8883216453
1381,2263,4,4,2,1938,Urban,Poor,No,859010,3,3,0,509647.78904893814
1382,1020,3,1,1,1941,Downtown,Fair,Yes,980291,0,1,1,533226.6052181933
1383,1516,2,4,1,1947,Rural,Fair,Yes,384192,1,1,1,501204.36896021524
1384,616,1,1,2,1911,Urban,Excellent,No,564771,3,0,0,544365.0301669523
1385,2933,1,2,1,1995,Suburban,Excellent,No,233951,2,0,0,521936.3083343321
1386,1083,5,4,2,1988,Urban,Poor,No,191668,3,3,0,515864.8842203561
1387,894,4,2,1,2002,Suburban,Poor,No,503885,2,3,0,516178.4623521277
1388,4288,5,4,3,1917,Rural,Excellent,No,463146,1,0,0,543169.9764985273
1389,3268,5,1,1,1978,Urban,Excellent,Yes,229022,3,0,1,531632.6583782411
1390,4667,5,1,2,1995,Suburban,Fair,No,932169,2,1,0,552802.397440166
1391,4360,1,4,2,1905,Downtown,Good,No,330831,0,2,0,515041.6107599464
1392,773,1,1,3,2021,Urban,Fair,Yes,496049,3,1,1,581618.9310930353
1393,2513,5,2,2,2007,Rural,Excellent,Yes,172540,1,0,1,554061.7256780581
1394,4933,1,2,1,1942,Downtown,Poor,Yes,741349,0,3,1,516486.2726920991
1395,1889,4,3,1,2015,Suburban,Excellent,Yes,866615,2,0,1,518912.74198152137
1396,4066,5,1,3,1934,Urban,Poor,Yes,332902,3,3,1,565934.5706077553
1397,665,1,2,2,1997,Urban,Poor,No,706442,3,3,0,536371.6465556007
1398,2067,2,4,3,2001,Rural,Poor,Yes,812301,1,3,1,549213.7223092341
1399,1228,5,1,1,2019,Downtown,Poor,No,670656,0,3,0,533187.9088174652
1400,2543,5,2,3,1953,Urban,Good,Yes,620179,3,2,1,561303.874834975
1401,4697,4,1,2,2020,Urban,Excellent,No,96901,3,0,0,555470.1408544595
1402,3996,3,4,3,1961,Downtown,Fair,Yes,526728,0,1,1,551831.7936037172
1403,1278,3,2,2,1968,Urban,Poor,No,416056,3,3,0,533135.5933187066
1404,713,4,3,2,1981,Downtown,Poor,No,645350,0,3,0,532756.049910653
1405,4262,4,3,1,1915,Downtown,Fair,No,539838,0,1,0,505465.46142111014
1406,2076,4,1,1,1907,Downtown,Fair,No,726923,0,1,0,525268.0755291136
1407,2948,3,4,1,1988,Rural,Poor,No,908440,1,3,0,496395.6974629364
1408,3436,4,2,2,1995,Downtown,Fair,No,445991,0,1,0,548369.9026901259
1409,3617,1,4,3,1989,Downtown,Fair,No,983332,0,1,0,551008.8842523829
1410,1091,5,2,2,2015,Suburban,Good,No,553528,2,2,0,543921.3479320934
1411,3220,5,1,1,1985,Suburban,Fair,No,569149,2,1,0,528586.4610260163
1412,1213,2,2,1,1930,Rural,Excellent,No,854406,1,0,0,517989.3298550791
1413,1435,2,4,3,2006,Downtown,Excellent,Yes,727748,0,0,1,560327.0763800862
1414,4837,5,4,1,1909,Suburban,Excellent,No,654879,2,0,0,492186.89535614476
1415,501,1,1,1,1955,Suburban,Poor,No,302990,2,3,0,520570.02485622367
1416,3348,3,4,1,2020,Urban,Excellent,Yes,330759,3,0,1,506271.24173588667
1417,4544,3,2,3,1975,Downtown,Good,No,72838,0,2,0,566628.8860277482
1418,2449,1,1,2,2016,Suburban,Excellent,No,352872,2,0,0,558064.8713676409
1419,1417,3,2,1,1991,Rural,Poor,Yes,690537,1,3,1,521041.7966466087
1420,3674,4,4,3,1969,Urban,Good,Yes,652288,3,2,1,542674.9307541737
1421,2741,5,1,1,2022,Urban,Excellent,No,364942,3,0,0,532933.9536717637
1422,589,5,2,3,1919,Downtown,Good,Yes,515992,0,2,1,565964.1131679023
1423,2209,1,4,1,1904,Downtown,Good,No,987126,0,2,0,492109.7898748061
1424,2669,3,4,3,1922,Urban,Poor,No,194608,3,3,0,531203.0139611459
1425,4738,2,3,1,1908,Rural,Poor,No,186772,1,3,0,496497.3644853604
1426,3541,2,4,2,1957,Downtown,Good,Yes,744199,0,2,1,525201.619923029
1427,605,3,2,1,1958,Downtown,Excellent,No,846680,0,0,0,524088.43955223245
1428,1386,2,1,3,1992,Urban,Poor,No,95291,3,3,0,569241.7743471924
1429,927,1,3,1,1979,Urban,Good,Yes,919061,3,2,1,507098.65279076813
1430,2395,1,4,2,1953,Downtown,Fair,No,265963,0,1,0,523778.41769722966
1431,816,3,4,1,1945,Suburban,Fair,No,175612,2,1,0,494945.02822932956
1432,1134,2,4,3,1921,Downtown,Poor,No,591465,0,3,0,539285.8868736303
1433,2425,1,2,3,1963,Suburban,Excellent,No,462699,2,0,0,565819.4948306843
1434,2556,1,3,2,1907,Urban,Fair,No,93815,3,1,0,520729.5618296589
1435,3644,4,2,3,2022,Suburban,Fair,No,874965,2,1,0,569817.6424137993
1436,2770,4,3,1,1919,Rural,Fair,Yes,836458,1,1,1,507766.3123157983
1437,1939,1,1,1,1950,Urban,Excellent,No,154997,3,0,0,524602.8129034078
1438,1052,3,2,1,1977,Downtown,Excellent,No,110611,0,0,0,526056.3875440416
1439,1215,5,2,3,1938,Downtown,Poor,Yes,661530,0,3,1,565287.2860444125
1440,4411,5,1,1,1936,Urban,Poor,No,467876,3,3,0,514879.08107011765
1441,2213,1,3,1,1949,Urban,Fair,No,760463,3,1,0,501945.4631849534
1442,3889,1,4,1,1933,Rural,Excellent,Yes,417057,1,0,1,501159.00787816785
1443,1607,1,1,2,1974,Urban,Good,Yes,92082,3,2,1,549783.5392995795
1444,4706,3,4,3,2017,Downtown,Fair,Yes,197330,0,1,1,557865.5214462697
1445,750,4,4,3,2003,Rural,Poor,Yes,677901,1,3,1,550210.5414034955
1446,2930,1,1,3,1932,Downtown,Excellent,Yes,934747,0,0,1,581081.2690237405
1447,2554,1,3,2,1930,Suburban,Poor,Yes,926122,2,3,1,524604.4171905243
1448,958,2,4,3,2022,Urban,Poor,Yes,145220,3,3,1,546846.0356425849
1449,707,3,1,2,1953,Suburban,Excellent,No,589677,2,0,0,551904.8742671513
1450,1399,1,2,2,1943,Downtown,Fair,No,141860,0,1,0,542898.4638890295
1451,3961,2,2,3,1933,Suburban,Excellent,No,733045,2,0,0,561983.3812393409
1452,3885,5,2,1,2013,Suburban,Fair,Yes,502436,2,1,1,525408.8799537339
1453,521,1,1,1,1970,Downtown,Poor,No,994699,0,3,0,527410.4649650386
1454,909,1,2,3,2021,Downtown,Excellent,Yes,71797,0,0,1,581949.2157386622
1455,1394,2,4,3,2012,Urban,Good,No,948407,3,2,0,544271.8657626268
1456,1014,3,2,2,2017,Suburban,Fair,No,933601,2,1,0,546486.7150576515
1457,4609,1,2,3,1961,Rural,Good,No,820227,1,2,0,562182.3841499839
1458,2634,5,4,2,1922,Rural,Fair,No,640620,1,1,0,518146.87502607756
1459,4095,1,2,3,1945,Downtown,Excellent,Yes,810943,0,0,1,572165.8505555376
1460,3456,5,4,1,1955,Downtown,Good,Yes,274997,0,2,1,501761.3556791619
1461,2060,4,2,1,1906,Suburban,Excellent,No,506123,2,0,0,512647.00518403074
1462,1766,4,4,3,2017,Downtown,Fair,Yes,450404,0,1,1,559128.1235844545
1463,2669,5,2,2,1988,Rural,Fair,Yes,335840,1,1,1,549286.0538287834
1464,4138,3,4,1,1960,Urban,Fair,No,52024,3,1,0,492778.17483916227
1465,1249,1,1,2,1902,Urban,Fair,Yes,479201,3,1,1,544388.6334392417
1466,3927,1,4,3,2022,Suburban,Poor,Yes,711944,2,3,1,548151.7190046879
1467,2427,4,2,3,1937,Urban,Fair,Yes,403142,3,1,1,561989.8336254758
1468,4304,5,2,1,1983,Downtown,Good,Yes,208116,0,2,1,524452.2004369898
1469,4202,1,3,3,1933,Downtown,Fair,No,831627,0,1,0,554409.1945730081
1470,2856,1,4,1,2012,Downtown,Excellent,No,317429,0,0,0,509175.814991959
1471,2835,3,1,2,1943,Downtown,Poor,Yes,506331,0,3,1,551248.206824881
1472,806,2,4,1,2007,Suburban,Good,No,843802,2,2,0,499222.4627831481
1473,4165,4,4,1,1929,Urban,Poor,No,67903,3,3,0,484257.4058402844
1474,2489,4,1,2,1916,Rural,Poor,No,737859,1,3,0,542037.3772475827
1475,1161,2,4,1,1958,Urban,Poor,Yes,934336,3,3,1,492268.7672791031
1476,811,1,1,1,1909,Downtown,Excellent,Yes,859427,0,0,1,532013.7005229947
1477,3420,3,1,3,1998,Rural,Poor,No,417304,1,3,0,574427.3705128055
1478,1582,3,4,2,1983,Suburban,Poor,No,478416,2,3,0,517424.0107553372
1479,3471,4,4,1,1917,Downtown,Fair,Yes,662665,0,1,1,499919.38048042305
1480,1254,3,2,2,1944,Downtown,Excellent,No,251474,0,0,0,545908.2334587005
1481,4630,2,2,2,2007,Rural,Good,Yes,456782,1,2,1,547698.0036282786
1482,852,1,3,1,1990,Suburban,Good,No,874254,2,2,0,507089.285690104
1483,1402,2,3,3,1958,Rural,Good,Yes,419556,1,2,1,557134.436894355
1484,4388,5,4,2,1961,Suburban,Excellent,Yes,887654,2,0,1,525717.8475943013
1485,658,4,1,1,1958,Downtown,Good,Yes,930520,0,2,1,532836.9657564701
1486,2477,3,3,2,1948,Urban,Excellent,Yes,543301,3,0,1,532075.0896162073
1487,1456,5,4,3,1999,Downtown,Fair,No,402594,0,1,0,553496.4484428674
1488,2571,3,3,3,1962,Urban,Fair,Yes,493884,3,1,1,554685.4892631322
1489,903,1,1,3,1986,Urban,Excellent,No,683654,3,0,0,576346.9189936218
1490,3279,1,4,1,1931,Suburban,Good,Yes,422222,2,2,1,493436.80675955163
1491,1887,1,1,1,1909,Rural,Excellent,Yes,638141,1,0,1,529020.7490790889
1492,3953,3,4,3,1910,Suburban,Excellent,No,235715,2,0,0,539665.5236146053
1493,1455,5,3,1,2001,Downtown,Poor,No,960226,0,3,0,511210.1043158442
1494,2212,1,2,3,1969,Rural,Excellent,No,203405,1,0,0,569156.490178804
1495,1773,5,3,1,2022,Urban,Poor,Yes,459174,3,3,1,509570.9879661272
1496,4311,3,3,3,2004,Urban,Fair,Yes,626730,3,1,1,558746.727111636
1497,3125,5,2,2,1961,Downtown,Poor,No,464170,0,3,0,539641.1784669887
1498,2882,3,2,3,1946,Rural,Excellent,Yes,280755,1,0,1,570430.6528302797
1499,1941,3,4,3,1933,Downtown,Fair,No,583963,0,1,0,545611.846254581
1500,3479,4,4,1,1999,Downtown,Poor,Yes,139590,0,3,1,503998.9896477895
1501,2297,3,1,1,2000,Suburban,Excellent,Yes,420714,2,0,1,536797.4025085737
1502,4890,3,1,1,1916,Downtown,Fair,Yes,343805,0,1,1,528923.8716136258
1503,4509,2,3,1,2003,Rural,Poor,No,638577,1,3,0,507284.0518517137
1504,1894,1,2,1,2003,Downtown,Excellent,Yes,67184,0,0,1,532251.8278689197
1505,4781,4,1,1,1953,Rural,Excellent,No,884395,1,0,0,529405.4744832487
1506,1769,4,3,2,1975,Urban,Good,No,731182,3,2,0,526512.2005604174
1507,4214,4,2,3,1984,Downtown,Good,Yes,505519,0,2,1,571758.4058259702
1508,1029,2,4,3,1939,Rural,Poor,No,257537,1,3,0,538773.9274205929
1509,4123,3,3,3,1918,Urban,Poor,No,841699,3,3,0,540125.4756229348
1510,3458,1,4,2,1966,Rural,Poor,Yes,233719,1,3,1,520958.94167093025
1511,3414,5,1,3,1981,Urban,Excellent,No,899246,3,0,0,575349.7073041691
1512,4091,3,1,2,1952,Suburban,Poor,No,872457,2,3,0,542763.7919269283
1513,2647,2,2,2,2014,Downtown,Excellent,Yes,171246,0,0,1,556979.8169442257
1514,3869,3,3,2,1963,Downtown,Poor,Yes,389749,0,3,1,533239.7335440682
1515,1439,3,4,3,1982,Urban,Excellent,Yes,706341,3,0,1,550017.1447603023
1516,1025,2,2,2,1946,Suburban,Excellent,No,879868,2,0,0,540929.8936458183
1517,501,4,1,3,1905,Rural,Good,No,723832,1,2,0,567784.4408405374
1518,874,4,1,3,1915,Suburban,Fair,Yes,200408,2,1,1,572620.2370177134
1519,2840,1,3,1,1971,Rural,Excellent,No,730947,1,0,0,511916.93210052873
1520,4505,1,4,1,2011,Rural,Poor,Yes,913624,1,3,1,501978.50089963677
1521,3552,4,3,2,1917,Downtown,Good,Yes,287439,0,2,1,530889.8522568198
1522,2865,5,4,2,1951,Urban,Poor,Yes,957023,3,3,1,514869.5997879269
1523,2025,3,4,3,1947,Downtown,Poor,No,396655,0,3,0,542004.2453362443
1524,4976,5,3,2,1942,Downtown,Excellent,No,583953,0,0,0,534586.3046740594
1525,2146,3,2,2,1938,Downtown,Excellent,Yes,732457,0,0,1,548746.1357634333
1526,513,4,3,3,1948,Rural,Fair,Yes,927709,1,1,1,559191.3409005001
1527,2778,1,3,2,2012,Downtown,Excellent,No,626762,0,0,0,542783.3756222317
1528,3655,1,1,2,1911,Rural,Excellent,Yes,777333,1,0,1,552212.3795512478
1529,629,5,1,3,2008,Urban,Fair,No,468401,3,1,0,576884.713512516
1530,4314,1,3,3,1909,Rural,Poor,Yes,125911,1,3,1,547788.3460889149
1531,3716,4,3,1,1970,Rural,Fair,Yes,142643,1,1,1,513146.2538697147
1532,3438,5,1,3,2009,Suburban,Fair,No,866916,2,1,0,578497.2263557826
1533,4428,3,4,1,1954,Downtown,Fair,No,309383,0,1,0,499729.30970196816
1534,2540,1,3,2,1900,Downtown,Good,No,413309,0,2,0,525109.6957359033
1535,527,2,2,3,1948,Downtown,Poor,No,226682,0,3,0,562423.2894692088
1536,2613,1,2,3,1935,Downtown,Good,No,756167,0,2,0,562600.8439193498
1537,1752,3,2,3,1920,Suburban,Good,Yes,862267,2,2,1,560205.4701702028
1538,4856,5,3,2,1936,Suburban,Excellent,Yes,800639,2,0,1,532654.2706480916
1539,2546,3,4,1,2015,Suburban,Fair,No,146453,2,1,0,502163.40427007835
1540,4523,2,4,2,1923,Suburban,Fair,No,628078,2,1,0,514555.9296090649
1541,4896,4,1,2,1954,Downtown,Good,Yes,782320,0,2,1,554403.63685828
1542,3874,1,3,3,1924,Rural,Excellent,Yes,846075,1,0,1,557374.6582784463
1543,3966,5,4,1,1906,Urban,Excellent,No,387990,3,0,0,489604.3484194561
1544,3581,4,3,2,2005,Suburban,Excellent,No,462167,2,0,0,536925.7524290478
1545,4278,3,1,3,1980,Rural,Poor,Yes,535320,1,3,1,575926.9272927288
1546,1129,5,1,2,1992,Suburban,Good,No,458449,2,2,0,551248.2609680153
1547,769,4,1,2,1993,Downtown,Poor,Yes,587488,0,3,1,557805.8033773357
1548,3139,5,2,3,1970,Downtown,Excellent,Yes,626563,0,0,1,575879.5827068251
1549,2493,2,3,3,1996,Rural,Excellent,No,519284,1,0,0,562290.1737052734
1550,3391,2,1,1,1970,Rural,Excellent,Yes,925433,1,0,1,535445.1424560066
1551,3932,1,3,2,2021,Rural,Fair,Yes,726651,1,1,1,542054.4394589453
1552,1780,1,2,3,1923,Downtown,Good,Yes,354592,0,2,1,565425.9801871979
1553,2860,2,2,3,1910,Downtown,Fair,No,998084,0,1,0,562399.1813561245
1554,1075,5,1,1,1972,Urban,Poor,Yes,665973,3,3,1,524071.80163196276
1555,1807,2,1,1,1911,Rural,Fair,No,464562,1,1,0,522977.05247095553
1556,3692,1,4,3,1934,Urban,Good,Yes,847051,3,2,1,538328.229164943
1557,3678,2,3,1,1962,Suburban,Fair,Yes,679742,2,1,1,509415.0423228928
1558,3234,2,1,3,1967,Urban,Excellent,Yes,576054,3,0,1,577300.4866479867
1559,2712,5,4,2,1999,Suburban,Poor,Yes,839981,2,3,1,522913.4789440782
1560,2852,4,3,1,1991,Suburban,Poor,Yes,724053,2,3,1,508111.87492885825
1561,4068,1,1,2,1956,Urban,Excellent,No,505235,3,0,0,548106.1770799586
1562,2155,5,4,2,1912,Rural,Excellent,No,540674,1,0,0,519780.7672550302
1563,2079,2,4,2,1922,Suburban,Excellent,Yes,830644,2,0,1,521814.9717985548
1564,2703,2,3,3,1982,Rural,Good,No,944370,1,2,0,555480.8542784386
1565,1890,4,4,2,2005,Downtown,Fair,No,964105,0,1,0,530226.7803251832
1566,2242,1,3,2,2000,Suburban,Poor,Yes,543496,2,3,1,532607.5605225563
1567,2425,1,3,2,1938,Downtown,Fair,No,884760,0,1,0,532009.3466838731
1568,1119,3,3,3,1987,Urban,Excellent,No,520917,3,0,0,556778.5212884176
1569,1774,1,2,2,1979,Rural,Excellent,No,270172,1,0,0,546805.1354912478
1570,1456,4,4,2,1996,Urban,Fair,No,75301,3,1,0,521641.7213330866
1571,2439,3,3,1,1911,Suburban,Poor,Yes,619051,2,3,1,499128.46005670656
1572,4453,3,1,3,1933,Downtown,Good,No,201837,0,2,0,571865.639515236
1573,2881,2,2,2,1970,Suburban,Fair,Yes,881219,2,1,1,544199.8654974732
1574,1468,2,2,1,1974,Urban,Excellent,Yes,957107,3,0,1,521544.0624658838
1575,1816,1,4,3,1930,Rural,Excellent,No,57425,1,0,0,545053.1414243578
1576,1543,3,3,3,1992,Rural,Good,Yes,325001,1,2,1,561041.971606482
1577,781,2,4,3,1961,Suburban,Fair,No,233843,2,1,0,543919.3616109327
1578,3344,4,2,3,1912,Suburban,Good,Yes,405143,2,2,1,558825.4240237945
1579,1558,2,3,3,1930,Downtown,Good,No,465660,0,2,0,552644.2039242625
1580,4793,2,1,3,1901,Urban,Poor,No,833849,3,3,0,557684.2107638083
1581,3032,3,3,2,2002,Suburban,Poor,Yes,615745,2,3,1,532794.6319759099
1582,4328,3,2,2,1914,Downtown,Excellent,No,545496,0,0,0,541348.3246549212
1583,1508,5,1,2,1956,Suburban,Fair,No,785101,2,1,0,549624.3528819277
1584,1729,4,3,2,1974,Rural,Poor,No,443920,1,3,0,528997.8334856327
1585,1535,3,1,1,1933,Downtown,Excellent,No,579740,0,0,0,530847.3099671525
1586,775,1,1,2,2002,Downtown,Fair,Yes,161153,0,1,1,563570.8576499245
1587,3240,4,2,3,1967,Suburban,Excellent,Yes,875294,2,0,1,570211.331176619
1588,2789,4,1,2,1974,Urban,Poor,Yes,242543,3,3,1,547151.4633009526
1589,1739,3,4,2,1928,Rural,Excellent,No,529274,1,0,0,521477.0809669105
1590,625,4,2,3,1965,Urban,Fair,Yes,330444,3,1,1,565835.6608412173
1591,4565,3,4,2,1915,Downtown,Fair,No,977070,0,1,0,518930.4298816373
1592,4812,2,1,2,1938,Urban,Excellent,No,450717,3,0,0,545925.8516101928
1593,4368,5,4,2,1976,Downtown,Fair,No,51845,0,1,0,526141.2615015878
1594,1708,2,3,1,1936,Urban,Excellent,Yes,169342,3,0,1,507240.63186927047
1595,3749,3,1,2,1980,Suburban,Fair,Yes,875613,2,1,1,555056.9038587323
1596,1418,3,3,3,1920,Urban,Excellent,Yes,500479,3,0,1,552974.6427174285
1597,4423,2,4,3,1943,Downtown,Excellent,Yes,811654,0,0,1,552083.8350350467
1598,4903,1,3,2,2023,Rural,Excellent,No,813292,1,0,0,540626.0742551519
1599,2469,1,1,2,1918,Rural,Good,Yes,768398,1,2,1,548304.5324678851
1600,3293,1,3,2,1970,Rural,Fair,Yes,298850,1,1,1,536556.5137921866
1601,1391,3,4,3,2001,Downtown,Poor,Yes,788650,0,3,1,552185.6702336918
1602,4970,4,4,3,1907,Urban,Excellent,Yes,297688,3,0,1,540346.5309574119
1603,2533,3,4,1,1976,Rural,Good,No,608692,1,2,0,497779.7582937975
1604,1864,4,1,1,2000,Rural,Poor,Yes,596852,1,3,1,531948.013130052
1605,628,2,4,1,1965,Rural,Excellent,Yes,672186,1,0,1,506148.74029680085
1606,1514,5,1,3,1940,Suburban,Poor,Yes,330371,2,3,1,570170.4742292892
1607,2299,4,3,1,1974,Downtown,Good,No,570919,0,2,0,510288.32806958363
1608,2018,1,4,2,1987,Downtown,Poor,Yes,145259,0,3,1,526456.7543688839
1609,4681,3,3,2,1969,Downtown,Excellent,Yes,174451,0,0,1,541331.3266416013
1610,1698,2,2,3,1960,Downtown,Poor,Yes,490691,0,3,1,567181.0866809345
1611,4373,1,3,1,1925,Downtown,Poor,No,67215,0,3,0,500998.84819974325
1612,2974,2,2,2,1970,Suburban,Excellent,No,180577,2,0,0,542883.6918086092
1613,3985,5,3,3,2020,Urban,Good,Yes,832680,3,2,1,558363.3564075934
1614,4549,3,1,1,2002,Suburban,Good,Yes,121074,2,2,1,531005.1986827605
1615,4219,3,3,2,1982,Rural,Poor,No,989203,1,3,0,528809.1136756168
1616,802,5,1,1,1969,Suburban,Fair,No,682909,2,1,0,527713.8471397462
1617,4452,3,1,3,2006,Downtown,Poor,No,979958,0,3,0,577511.1314488847
1618,1486,4,4,1,1928,Suburban,Fair,No,753577,2,1,0,492905.7596075977
1619,2363,2,1,3,2006,Downtown,Poor,No,156759,0,3,0,578181.239745501
1620,4940,1,2,1,2002,Suburban,Good,Yes,178471,2,2,1,520657.76526360604
1621,3572,5,4,2,1965,Downtown,Poor,Yes,858143,0,3,1,523912.8297154454
1622,3624,4,4,3,1918,Rural,Poor,Yes,458275,1,3,1,539533.5227716475
1623,1827,1,3,3,1967,Downtown,Fair,Yes,622686,0,1,1,563007.3549119423
1624,2908,1,1,3,1957,Suburban,Good,No,837718,2,2,0,569737.9229718923
1625,4173,5,1,1,1969,Rural,Fair,No,215369,1,1,0,528997.7583562587
1626,3791,4,2,1,2012,Suburban,Poor,No,682592,2,3,0,516191.28419270384
1627,4533,1,3,2,1956,Rural,Excellent,No,154959,1,0,0,533222.8854799496
1628,1203,1,3,3,1936,Urban,Poor,No,289317,3,3,0,543009.3446265067
1629,1074,4,4,3,1960,Urban,Poor,Yes,731845,3,3,1,540084.6025366721
1630,3732,3,4,1,1991,Urban,Fair,Yes,372111,3,1,1,500281.76969869976
1631,3132,1,4,1,1929,Suburban,Excellent,Yes,934235,2,0,1,498420.0315705993
1632,4328,2,2,2,1970,Suburban,Excellent,Yes,179745,2,0,1,546219.7475590862
1633,3730,4,2,2,1972,Rural,Fair,Yes,104583,1,1,1,546943.6930589799
1634,988,1,4,1,1924,Rural,Good,No,698365,1,2,0,492251.95917070744
1635,1847,5,3,3,1996,Rural,Excellent,No,494846,1,0,0,562936.6050762677
1636,4181,2,2,2,1964,Rural,Excellent,No,161359,1,0,0,544323.5504264707
1637,3673,1,3,1,2014,Downtown,Fair,No,601374,0,1,0,516442.80708911974
1638,2167,2,3,1,1905,Urban,Good,No,721844,3,2,0,494564.7022658351
1639,2137,2,1,3,1917,Downtown,Good,Yes,773983,0,2,1,574677.5196355085
1640,4614,3,4,1,1909,Downtown,Poor,Yes,678420,0,3,1,493294.48133381084
1641,4053,2,1,1,1991,Downtown,Poor,Yes,565329,0,3,1,532407.1798517174
1642,1500,3,4,2,1910,Downtown,Fair,No,109263,0,1,0,519545.2610408592
1643,1350,4,4,1,1996,Urban,Good,No,724035,3,2,0,495460.61482265516
1644,1888,3,3,1,1964,Downtown,Fair,No,956587,0,1,0,511763.36530068726
1645,4212,5,4,2,1976,Rural,Poor,No,110664,1,3,0,518469.81761020876
1646,1867,1,3,3,2000,Suburban,Fair,Yes,467896,2,1,1,561549.5046957732
1647,1321,4,3,3,1983,Rural,Fair,No,984581,1,1,0,558966.0191171191
1648,954,4,4,2,1964,Suburban,Excellent,Yes,956906,2,0,1,527242.7100139182
1649,2124,5,3,2,1951,Rural,Excellent,No,389112,1,0,0,534116.4941005427
1650,3272,3,3,3,1966,Rural,Excellent,Yes,970995,1,0,1,562601.4007575996
1651,4226,1,3,3,1981,Suburban,Poor,No,751486,2,3,0,549494.7924263863
1652,3647,3,2,3,2004,Urban,Fair,No,817018,3,1,0,565077.2189323808
1653,4589,2,3,3,1977,Downtown,Excellent,Yes,446608,0,0,1,565780.7638016979
1654,2690,3,2,3,1930,Rural,Excellent,Yes,505473,1,0,1,568702.5580476351
1655,1416,4,2,2,1990,Urban,Excellent,No,117804,3,0,0,543420.8180275091
1656,4486,1,3,1,1916,Downtown,Poor,Yes,874832,0,3,1,503798.27734459285
1657,3375,3,3,3,1954,Urban,Poor,No,479767,3,3,0,544467.1783078392
1658,1940,1,2,3,2009,Urban,Fair,No,864520,3,1,0,566030.886330653
1659,4900,1,2,1,1992,Downtown,Fair,Yes,261087,0,1,1,527281.8052130269
1660,1235,2,3,1,1935,Rural,Fair,No,992969,1,1,0,506036.2567054819
1661,4068,2,3,1,2000,Urban,Excellent,No,491371,3,0,0,509684.7689417712
1662,3838,4,4,1,1925,Rural,Good,Yes,137893,1,2,1,495523.8653745498
1663,3515,5,2,1,1952,Rural,Poor,No,842401,1,3,0,512252.4460425591
1664,3389,1,2,1,1916,Rural,Excellent,No,58981,1,0,0,515443.6953724842
1665,1461,5,4,2,1985,Downtown,Excellent,No,464248,0,0,0,530848.0018018988
1666,3489,4,2,1,1924,Suburban,Fair,No,366235,2,1,0,511548.9569836404
1667,4348,1,1,1,1901,Rural,Fair,Yes,157154,1,1,1,524598.0300892788
1668,1526,1,2,2,2018,Suburban,Excellent,Yes,336552,2,0,1,552569.5197523454
1669,4365,5,4,1,1985,Suburban,Poor,Yes,729601,2,3,1,497055.70128629496
1670,3363,3,1,3,1904,Urban,Poor,No,884372,3,3,0,558704.3532068676
1671,3001,2,3,3,1903,Rural,Excellent,Yes,526154,1,0,1,555477.914002419
1672,2447,3,4,1,1935,Rural,Good,Yes,756465,1,2,1,497051.8999551956
1673,1677,5,4,2,1905,Rural,Good,Yes,242122,1,2,1,517880.59463533905
1674,511,2,3,3,2015,Suburban,Poor,No,53657,2,3,0,554884.2383408584
1675,4899,3,4,2,1920,Downtown,Fair,Yes,857662,0,1,1,523221.5733685301
1676,3864,2,2,3,1976,Suburban,Good,Yes,986184,2,2,1,565567.6693779954
1677,3522,1,3,1,2017,Rural,Good,No,263766,1,2,0,511683.27775025566
1678,3871,3,4,2,2000,Rural,Fair,No,659019,1,1,0,526190.2154390325
1679,3330,2,3,2,2018,Rural,Good,No,223412,1,2,0,535648.2658701056
1680,542,2,3,2,1988,Suburban,Excellent,No,741310,2,0,0,535913.7358611693
1681,1443,2,3,3,1925,Rural,Good,No,713227,1,2,0,549545.8809442482
1682,2890,3,1,3,1954,Urban,Fair,No,783902,3,1,0,569668.9834791003
1683,3045,4,4,3,1938,Rural,Excellent,Yes,54329,1,0,1,549736.3428819138
1684,2911,3,1,1,1983,Downtown,Good,Yes,348009,0,2,1,534653.8287173901
1685,1504,5,4,3,1932,Urban,Poor,No,772300,3,3,0,533042.3589147453
1686,520,3,2,1,1913,Rural,Excellent,No,569897,1,0,0,516473.8799493214
1687,906,2,2,2,1955,Urban,Excellent,Yes,87869,3,0,1,543266.1710976661
1688,1514,1,2,2,1999,Rural,Poor,No,247977,1,3,0,541429.4612784366
1689,4931,3,4,1,1980,Downtown,Poor,No,956617,0,3,0,497312.0937760494
1690,2338,3,3,3,1920,Rural,Good,Yes,548185,1,2,1,552627.9696995476
1691,3688,2,3,1,1945,Urban,Good,No,133984,3,2,0,498484.869315382
1692,1214,1,1,2,1915,Downtown,Fair,No,961604,0,1,0,549747.9903359718
1693,4646,1,1,2,2009,Suburban,Fair,Yes,151069,2,1,1,557712.6443581936
1694,4354,5,2,1,1915,Downtown,Excellent,Yes,298577,0,0,1,521926.9486422636
1695,4919,3,1,3,2019,Downtown,Poor,Yes,926143,0,3,1,582652.1027434674
1696,640,1,4,3,1983,Downtown,Poor,Yes,378396,0,3,1,550181.7276782586
1697,1463,1,4,1,1928,Urban,Fair,Yes,391530,3,1,1,493793.4187506609
1698,872,4,1,1,1991,Downtown,Excellent,No,168728,0,0,0,537766.6567269397
1699,4135,4,1,3,1907,Rural,Excellent,No,573846,1,0,0,571765.0486526524
1700,3041,1,1,2,1987,Downtown,Fair,No,969215,0,1,0,557154.3233703574
1701,4110,5,1,1,1902,Downtown,Fair,No,75801,0,1,0,524056.0160475652
1702,2192,1,2,3,1988,Rural,Fair,No,792647,1,1,0,568727.9292992755
1703,605,2,2,3,1918,Rural,Good,Yes,809925,1,2,1,562867.750771611
1704,2181,3,1,2,1996,Suburban,Excellent,No,664997,2,0,0,556180.9570733494
1705,4597,5,4,2,1965,Downtown,Excellent,No,365414,0,0,0,527390.442395399
1706,4516,2,2,2,1978,Urban,Excellent,No,514838,3,0,0,540612.5919197011
1707,3136,5,4,2,1985,Downtown,Fair,No,891967,0,1,0,527628.2943321632
1708,2637,2,3,2,2023,Downtown,Fair,No,305560,0,1,0,541633.0968871707
1709,3916,3,4,1,1973,Rural,Fair,Yes,818026,1,1,1,503342.7989984676
1710,4945,3,1,3,1981,Suburban,Fair,No,782119,2,1,0,574499.3280780077
1711,4030,4,3,1,1921,Downtown,Poor,No,66220,0,3,0,501078.3619871036
1712,1786,2,2,1,1945,Urban,Fair,No,325536,3,1,0,511723.5394425819
1713,3679,4,2,1,2012,Downtown,Good,No,528803,0,2,0,523969.17149093794
1714,4154,2,3,1,1990,Urban,Poor,No,445462,3,3,0,500797.5919832713
1715,2859,4,4,1,1912,Rural,Poor,No,332154,1,3,0,488003.67929683113
1716,944,3,2,2,1932,Suburban,Fair,Yes,176951,2,1,1,540797.5297560727
1717,535,5,1,2,1904,Downtown,Excellent,No,380502,0,0,0,551877.0143344289
1718,1975,4,3,3,1989,Suburban,Fair,Yes,533419,2,1,1,560667.3695226627
1719,4457,2,1,1,1976,Downtown,Excellent,Yes,198306,0,0,1,538290.6013861287
1720,2298,2,3,3,1926,Urban,Fair,No,932622,3,1,0,546747.0328660476
1721,2345,3,2,2,2020,Suburban,Fair,No,690083,2,1,0,546313.0474022613
1722,1908,2,4,2,1977,Downtown,Excellent,No,492667,0,0,0,529377.1072859104
1723,2208,1,3,2,1923,Rural,Excellent,Yes,959222,1,0,1,534256.4455537995
1724,3438,5,3,1,1966,Urban,Excellent,No,175223,3,0,0,506496.0501574792
1725,1800,4,1,1,2010,Suburban,Excellent,No,572886,2,0,0,534390.8889728248
1726,1743,5,2,2,2014,Downtown,Good,No,649493,0,2,0,548717.0192876382
1727,4476,3,1,3,1962,Suburban,Excellent,Yes,465000,2,0,1,578972.2336981382
1728,3597,4,2,3,2012,Downtown,Fair,Yes,997176,0,1,1,577724.8051279655
1729,509,4,1,2,1993,Urban,Fair,No,51082,3,1,0,551462.9835400974
1730,2925,1,3,3,1998,Rural,Good,Yes,454364,1,2,1,560921.1136087485
1731,2160,3,1,2,1947,Urban,Excellent,No,208566,3,0,0,548091.3307108086
1732,3131,2,4,3,1962,Suburban,Fair,Yes,911525,2,1,1,546985.2592233159
1733,1572,1,2,2,1977,Suburban,Good,No,364096,2,2,0,538926.1346396033
1734,3725,1,2,3,1911,Downtown,Fair,Yes,86719,0,1,1,565903.0621701507
1735,1816,5,3,1,1927,Urban,Good,No,98737,3,2,0,497575.35025776015
1736,4645,5,2,2,1943,Downtown,Good,No,502669,0,2,0,539605.887420565
1737,4183,5,4,2,1992,Urban,Poor,Yes,157271,3,3,1,518980.4000716857
1738,3773,1,1,3,1942,Suburban,Poor,Yes,744896,2,3,1,568996.659527061
1739,645,2,3,2,1916,Downtown,Excellent,Yes,231676,0,0,1,536780.9554069818
1740,3540,4,4,2,1939,Downtown,Poor,Yes,494049,0,3,1,520864.3463247156
1741,1962,5,2,2,1948,Urban,Good,Yes,981543,3,2,1,537318.2117050568
1742,2084,2,2,1,1984,Rural,Fair,No,642127,1,1,0,521159.9648560752
1743,982,3,4,1,1956,Urban,Fair,No,884363,3,1,0,493540.59616862773
1744,3679,5,1,3,1986,Rural,Excellent,Yes,352069,1,0,1,584826.2295516732
1745,1749,4,1,1,1983,Urban,Poor,No,232075,3,3,0,521062.43175264716
1746,1130,3,3,3,1963,Suburban,Excellent,No,492113,2,0,0,556650.9000855286
1747,1161,3,2,1,1974,Downtown,Good,Yes,137745,0,2,1,524381.093874663
1748,4003,4,4,3,1956,Urban,Poor,No,176298,3,3,0,534652.063179394
1749,3352,5,1,1,2020,Suburban,Excellent,No,667997,2,0,0,535053.3336031054
1750,2966,1,3,1,1997,Urban,Fair,Yes,354431,3,1,1,510918.1397681048
1751,1487,4,2,3,1973,Downtown,Fair,Yes,796086,0,1,1,574143.6161580936
1752,2046,4,2,2,1973,Urban,Excellent,No,476228,3,0,0,541264.2002196122
1753,1149,4,3,2,2006,Rural,Excellent,Yes,681540,1,0,1,544408.8657270096
1754,1468,3,3,1,2023,Downtown,Excellent,No,747143,0,0,0,521145.20303150715
1755,3137,2,1,3,1969,Rural,Good,Yes,421467,1,2,1,577569.895385001
1756,1600,1,4,2,1999,Suburban,Good,Yes,511531,2,2,1,525385.9313187138
1757,940,5,2,3,1987,Suburban,Fair,Yes,789126,2,1,1,570904.3434890871
1758,1269,5,4,2,1975,Urban,Good,Yes,489707,3,2,1,520761.77086349926
1759,1843,2,2,3,1942,Rural,Good,No,270013,1,2,0,561238.3798791768
1760,4858,4,2,1,2018,Rural,Poor,Yes,501800,1,3,1,522892.7744585655
1761,4229,1,4,3,1922,Downtown,Good,Yes,849235,0,2,1,544508.7326145611
1762,4406,5,3,2,1926,Rural,Poor,No,230697,1,3,0,522696.10042626696
1763,2077,5,1,1,1957,Rural,Good,No,693107,1,2,0,525875.8833085918
1764,4508,4,2,3,2020,Downtown,Fair,No,929793,0,1,0,574419.2217174917
1765,3851,2,3,2,2008,Downtown,Excellent,No,63698,0,0,0,542053.2586828253
1766,2849,1,2,1,1936,Rural,Fair,Yes,65376,1,1,1,519184.0106195323
1767,4102,2,1,3,1905,Urban,Good,No,526870,3,2,0,560976.224894611
1768,1741,2,2,2,1964,Downtown,Excellent,Yes,325261,0,0,1,551697.1205482326
1769,1625,1,1,3,1905,Downtown,Excellent,No,286591,0,0,0,574685.7045520127
1770,3101,1,1,3,1949,Rural,Excellent,Yes,481172,1,0,1,580350.6214822972
1771,1690,5,2,1,1921,Rural,Poor,No,98786,1,3,0,509462.6692935626
1772,4631,5,2,1,2004,Downtown,Fair,Yes,687293,0,1,1,529267.4844344383
1773,4948,1,1,2,1987,Rural,Poor,Yes,268850,1,3,1,552546.4572620117
1774,572,3,3,1,1924,Downtown,Excellent,No,378624,0,0,0,510340.39714711864
1775,2414,5,4,2,1978,Urban,Fair,Yes,737055,3,1,1,523235.56851490604
1776,2972,3,1,3,1989,Urban,Fair,Yes,969015,3,1,1,577435.5042829941
1777,3546,1,2,3,1971,Downtown,Good,Yes,889665,0,2,1,570152.9319804661
1778,1207,5,2,2,1950,Downtown,Poor,Yes,423166,0,3,1,542995.9120978009
1779,2304,2,3,3,1987,Suburban,Poor,No,465718,2,3,0,551041.8699427572
1780,4213,1,4,1,1947,Suburban,Good,Yes,493226,2,2,1,494879.74124340474
1781,3064,4,1,3,2001,Rural,Poor,Yes,142529,1,3,1,578891.1763662631
1782,2975,3,1,1,1969,Rural,Excellent,No,517121,1,0,0,531768.7050730351
1783,4110,1,4,2,2017,Downtown,Excellent,No,815784,0,0,0,532902.8354249948
1784,4755,1,1,2,1998,Downtown,Poor,No,489705,0,3,0,552582.4391037431
1785,3323,5,4,3,2005,Suburban,Good,Yes,675207,2,2,1,549576.2134381945
1786,2235,5,2,3,1964,Suburban,Fair,Yes,919965,2,1,1,567816.4514042627
1787,2085,5,4,1,1959,Downtown,Poor,No,524381,0,3,0,496306.3208984071
1788,566,4,1,1,1945,Urban,Fair,Yes,999453,3,1,1,526245.9840465283
1789,3561,5,4,3,1935,Urban,Good,No,522803,3,2,0,535165.6630452655
1790,2928,1,3,3,1957,Rural,Fair,Yes,536275,1,1,1,558878.6188335672
1791,4653,5,2,2,1975,Downtown,Good,No,772670,0,2,0,543206.5787006057
1792,841,2,2,2,1937,Downtown,Good,Yes,259870,0,2,1,543850.3587803737
1793,3274,5,4,2,1910,Rural,Excellent,No,643695,1,0,0,519125.485566878
1794,3317,4,1,3,1911,Suburban,Excellent,Yes,648097,2,0,1,573806.8725373872
1795,3161,2,3,3,1941,Suburban,Good,No,329373,2,2,0,548108.0834009706
1796,1732,1,2,3,2013,Urban,Poor,Yes,994889,3,3,1,565265.7436702115
1797,4374,1,2,2,1938,Downtown,Excellent,Yes,616464,0,0,1,547624.4428228945
1798,2901,3,1,3,1970,Suburban,Good,Yes,669113,2,2,1,575326.5020802208
1799,1994,2,1,1,1910,Urban,Fair,No,970764,3,1,0,517633.7070871799
1800,4711,3,3,3,1935,Urban,Fair,Yes,147555,3,1,1,550822.3819101119
1801,1161,2,4,3,1951,Urban,Poor,Yes,577433,3,3,1,538772.1647545388
1802,4383,2,1,3,1930,Suburban,Fair,Yes,147289,2,1,1,572695.5042445704
1803,4119,4,4,3,1932,Suburban,Fair,No,713162,2,1,0,539636.0552551616
1804,2368,3,3,3,1912,Downtown,Good,Yes,838695,0,2,1,554294.9294406117
1805,2834,4,4,1,1917,Downtown,Fair,No,470129,0,1,0,496307.7722579332
1806,3874,2,2,1,1940,Urban,Fair,Yes,107788,3,1,1,514214.4209949913
1807,1516,1,4,3,1957,Urban,Fair,No,713515,3,1,0,540474.2684922011
1808,4906,2,3,2,1955,Suburban,Fair,No,706282,2,1,0,527944.227077739
1809,707,4,3,3,1923,Suburban,Good,Yes,777591,2,2,1,551145.9284905564
1810,3165,3,3,3,1972,Downtown,Fair,No,201744,0,1,0,559465.2601958034
1811,2993,3,4,3,1930,Downtown,Poor,No,219598,0,3,0,539717.7297102995
1812,1132,4,2,2,1954,Rural,Excellent,Yes,881776,1,0,1,548491.0032395418
1813,2602,3,1,2,2004,Downtown,Poor,No,959251,0,3,0,554351.0146485601
1814,3459,5,2,2,1909,Suburban,Excellent,No,462230,2,0,0,536225.786569223
1815,3583,1,4,1,1959,Urban,Poor,No,647640,3,3,0,487461.441343731
1816,2431,1,4,2,1901,Rural,Excellent,No,534495,1,0,0,517905.01552288985
1817,4219,1,1,1,2001,Downtown,Excellent,Yes,352468,0,0,1,541064.7882072772
1818,3062,3,4,1,1914,Downtown,Excellent,No,557745,0,0,0,498325.557201957
1819,2179,3,3,2,1902,Suburban,Excellent,No,930507,2,0,0,525732.2165265728
1820,736,2,3,2,1942,Rural,Good,Yes,276710,1,2,1,531942.6458870247
1821,4943,2,3,2,1930,Downtown,Poor,Yes,744058,0,3,1,528977.8761312658
1822,2040,1,3,1,1969,Urban,Excellent,No,913601,3,0,0,506840.2860372066
1823,4443,5,3,3,1966,Suburban,Poor,Yes,859816,2,3,1,552109.4337632662
1824,863,2,4,2,1955,Rural,Fair,Yes,577800,1,1,1,526002.1274622366
1825,2868,2,1,2,1962,Downtown,Excellent,Yes,973570,0,0,1,560970.4879458249
1826,785,3,1,2,1974,Downtown,Poor,Yes,736860,0,3,1,555527.1967245742
1827,648,5,3,1,1914,Rural,Good,Yes,173775,1,2,1,505575.47488237557
1828,4537,1,4,1,2008,Suburban,Poor,Yes,128743,2,3,1,499048.9192597019
1829,2266,2,2,3,2015,Rural,Excellent,Yes,397786,1,0,1,578305.2879461605
1830,1512,5,2,2,1991,Rural,Fair,Yes,441731,1,1,1,550068.5570944083
1831,3331,5,4,1,1909,Suburban,Poor,Yes,654146,2,3,1,488894.1372634131
1832,3007,1,3,3,1937,Downtown,Fair,No,629088,0,1,0,555318.9194161057
1833,2023,5,1,2,1946,Urban,Good,No,506356,3,2,0,543144.8411876817
1834,3285,5,4,1,1956,Suburban,Poor,No,674652,2,3,0,490348.43101202085
1835,3056,5,2,2,1949,Urban,Poor,No,555533,3,3,0,530577.9921616162
1836,4225,2,2,2,2013,Downtown,Good,No,314531,0,2,0,547252.371437248
1837,2101,1,2,1,1970,Rural,Good,Yes,237232,1,2,1,520724.49486733513
1838,2908,5,3,1,1914,Urban,Good,Yes,778927,3,2,1,499548.0661828801
1839,840,5,2,1,1917,Downtown,Excellent,No,182871,0,0,0,519646.2444870034
1840,3317,2,4,2,1981,Downtown,Excellent,No,169095,0,0,0,529286.0808917398
1841,2996,1,4,2,2015,Rural,Poor,Yes,609836,1,3,1,526654.7606674843
1842,2225,3,2,3,2004,Rural,Poor,No,140450,1,3,0,565630.6071271275
1843,2189,2,4,2,1987,Downtown,Poor,Yes,679957,0,3,1,526523.7585427287
1844,3767,1,2,1,1901,Downtown,Fair,No,916603,0,1,0,513612.60732384206
1845,4906,5,2,2,2003,Urban,Good,Yes,483595,3,2,1,542380.7664658966
1846,761,1,1,3,1983,Downtown,Poor,No,357558,0,3,0,576073.9809187801
1847,1942,1,3,3,1997,Downtown,Good,Yes,647359,0,2,1,563765.7062562685
1848,905,1,3,1,1942,Urban,Excellent,No,687096,3,0,0,504235.80399219453
1849,2690,3,1,1,1925,Suburban,Good,No,550884,2,2,0,519191.6596139955
1850,4937,1,1,3,1970,Urban,Fair,Yes,128591,3,1,1,574275.149745555
1851,743,3,3,3,1937,Urban,Fair,Yes,798501,3,1,1,552572.5715379635
1852,4607,5,2,3,1993,Rural,Good,No,316441,1,2,0,566317.80539678
1853,1060,3,2,1,1941,Urban,Fair,No,683801,3,1,0,511684.80171816977
1854,4637,5,3,3,1904,Downtown,Fair,Yes,965100,0,1,1,555363.408129611
1855,3225,5,2,3,1910,Downtown,Excellent,Yes,922911,0,0,1,569089.470936563
1856,1093,3,1,1,1964,Downtown,Poor,Yes,148752,0,3,1,530636.7908705607
1857,2326,2,2,2,1933,Suburban,Fair,No,186080,2,1,0,536389.889414694
1858,3729,4,2,2,2019,Downtown,Poor,No,267885,0,3,0,545808.15714761
1859,3787,1,4,3,1900,Suburban,Good,Yes,427625,2,2,1,537042.148856387
1860,4573,4,4,2,1982,Downtown,Good,No,197892,0,2,0,524029.4786220424
1861,633,1,4,2,1901,Urban,Fair,No,514764,3,1,0,510861.1661905476
1862,3638,1,2,2,1984,Rural,Good,Yes,203325,1,2,1,545356.3138281577
1863,4419,5,3,2,1919,Downtown,Excellent,No,472418,0,0,0,532210.1603970003
1864,572,1,1,3,1960,Suburban,Fair,Yes,996740,2,1,1,577405.9300727745
1865,4994,1,2,2,1986,Suburban,Fair,Yes,641444,2,1,1,545056.9731614323
1866,4725,3,3,2,1920,Rural,Fair,No,817248,1,1,0,526784.3212050616
1867,3478,4,2,1,1987,Downtown,Good,No,110263,0,2,0,521230.97639901214
1868,4861,3,1,3,1967,Urban,Good,Yes,955428,3,2,1,571655.9648391135
1869,2485,1,2,1,1911,Downtown,Fair,Yes,673540,0,1,1,519087.8891375546
1870,1292,5,1,1,1921,Downtown,Poor,Yes,168632,0,3,1,525983.1957143549
1871,4759,3,2,3,1919,Rural,Good,No,911287,1,2,0,557660.2380150333
1872,594,3,1,2,1981,Downtown,Good,Yes,66575,0,2,1,558964.9073621103
1873,1633,2,2,1,1900,Urban,Fair,Yes,324348,3,1,1,510570.9593566706
1874,737,1,1,3,1929,Suburban,Poor,Yes,61952,2,3,1,568699.4041610672
1875,3446,5,4,2,1996,Rural,Fair,Yes,569826,1,1,1,530024.9368380269
1876,3030,3,2,3,1923,Urban,Good,No,133323,3,2,0,553616.3248794216
1877,2460,3,2,1,1913,Suburban,Fair,No,756502,2,1,0,510572.8989363806
1878,1548,5,3,2,1935,Rural,Fair,Yes,214944,1,1,1,533816.4081104661
1879,3029,1,3,2,1968,Rural,Fair,No,734736,1,1,0,532576.3214326206
1880,3464,2,1,3,1974,Suburban,Poor,No,771444,2,3,0,568995.4841108557
1881,1463,3,2,2,1923,Suburban,Fair,No,192712,2,1,0,535728.0964964149
1882,1036,2,1,1,1959,Urban,Good,Yes,338581,3,2,1,524800.5779402703
1883,4723,4,4,1,1994,Downtown,Fair,No,177129,0,1,0,504253.36628575297
1884,4179,1,3,1,1954,Downtown,Poor,No,924113,0,3,0,504339.3176778485
1885,4687,4,1,3,1976,Downtown,Excellent,Yes,828810,0,0,1,585759.3740386058
1886,4224,4,1,2,1979,Downtown,Poor,Yes,582191,0,3,1,554901.3541857541
1887,1042,4,3,2,1923,Downtown,Fair,No,264776,0,1,0,531249.7515767673
1888,1345,1,2,2,1976,Urban,Excellent,No,601151,3,0,0,541473.2915977609
1889,4103,1,1,1,1923,Rural,Fair,Yes,355525,1,1,1,527169.7757686293
1890,3536,5,3,2,1953,Urban,Poor,Yes,864980,3,3,1,524768.6846690386
1891,2994,2,2,1,1925,Urban,Excellent,Yes,493172,3,0,1,515439.3343616288
1892,4985,2,4,2,1965,Urban,Excellent,Yes,585755,3,0,1,522961.2877075185
1893,3219,5,3,1,1979,Rural,Fair,No,370098,1,1,0,510627.1226531967
1894,2384,5,1,2,1937,Urban,Fair,Yes,336045,3,1,1,548424.9437664503
1895,4638,4,4,3,2009,Urban,Poor,No,859733,3,3,0,540376.7614599754
1896,4849,5,2,3,1964,Rural,Fair,No,961118,1,1,0,565534.8719668231
1897,3701,3,2,1,2012,Urban,Excellent,No,807902,3,0,0,521241.66930743575
1898,3210,2,3,1,1974,Downtown,Good,Yes,921612,0,2,1,513529.191092557
1899,2453,5,3,2,1950,Suburban,Good,Yes,644191,2,2,1,530002.4563376989
1900,4350,3,3,2,1934,Urban,Poor,No,416099,3,3,0,518194.2588276797
1901,1189,3,2,3,1942,Suburban,Fair,No,983708,2,1,0,561618.9948329309
1902,2450,3,4,2,1928,Urban,Poor,No,594043,3,3,0,508317.02398793196
1903,956,3,2,1,1936,Urban,Good,No,371961,3,2,0,508585.69879816024
1904,2630,4,1,1,1980,Downtown,Good,No,838525,0,2,0,530700.2737082755
1905,4476,3,2,1,1957,Rural,Fair,Yes,306094,1,1,1,521189.14796694746
1906,4744,4,1,1,1953,Suburban,Excellent,Yes,512753,2,0,1,530696.679136341
1907,1679,4,4,1,1938,Rural,Fair,Yes,932751,1,1,1,500393.61022071866
1908,4785,3,3,3,1941,Downtown,Good,No,335084,0,2,0,552775.54184114
1909,4065,2,3,3,1927,Downtown,Excellent,No,749400,0,0,0,556494.8441637155
1910,1382,3,2,1,1928,Suburban,Poor,Yes,703002,2,3,1,511380.90313629725
1911,899,3,3,2,1942,Rural,Good,Yes,141544,1,2,1,532012.7245654387
1912,1108,3,4,1,1902,Downtown,Poor,No,658725,0,3,0,489997.14354705997
1913,2138,2,3,3,2015,Urban,Excellent,Yes,405113,3,0,1,563263.8952702517
1914,2648,1,2,1,1909,Urban,Poor,Yes,157001,3,3,1,505909.7528562393
1915,1882,1,4,3,1958,Urban,Good,Yes,137725,3,2,1,541726.6601621774
1916,1903,4,1,3,2005,Rural,Fair,No,427928,1,1,0,581083.3850672579
1917,1319,4,2,1,1913,Urban,Poor,No,160675,3,3,0,503412.7251290928
1918,3792,2,1,1,1975,Urban,Good,Yes,144266,3,2,1,525543.2940084926
1919,1319,5,4,2,1946,Downtown,Good,No,321380,0,2,0,521358.51855688146
1920,919,1,2,3,1941,Downtown,Excellent,Yes,909029,0,0,1,572935.958146426
1921,4719,4,2,2,1993,Urban,Good,Yes,265196,3,2,1,541193.7344934997
1922,3802,1,4,1,1931,Urban,Fair,No,184974,3,1,0,489375.94787074317
1923,2008,2,3,3,1931,Downtown,Fair,No,673944,0,1,0,555159.8637985787
1924,1267,2,2,2,1941,Suburban,Poor,No,346508,2,3,0,532545.8522520647
1925,2544,5,2,2,1931,Rural,Poor,Yes,681359,1,3,1,537762.9190077136
1926,2639,5,1,2,1925,Rural,Poor,Yes,406554,1,3,1,546982.4267716538
1927,3529,2,3,1,2014,Downtown,Poor,Yes,201168,0,3,1,515335.3193780597
1928,2049,4,1,1,1900,Rural,Fair,No,193092,1,1,0,521910.6976373002
1929,2264,1,1,1,1955,Downtown,Excellent,Yes,632761,0,0,1,536635.706945994
1930,3145,3,3,3,2021,Downtown,Poor,Yes,291472,0,3,1,563695.6623125939
1931,4216,5,3,1,2005,Downtown,Excellent,Yes,356297,0,0,1,522183.8515249835
1932,4981,3,4,3,1901,Downtown,Good,Yes,222349,0,2,1,542120.2013069299
1933,2793,4,3,2,1980,Suburban,Good,No,350646,2,2,0,529261.1829587587
1934,3208,5,2,2,1929,Urban,Poor,No,65675,3,3,0,528267.2229594206
1935,1400,3,3,1,2019,Urban,Good,No,991869,3,2,0,507830.6077080888
1936,3584,4,4,2,2002,Suburban,Excellent,Yes,168384,2,0,1,530511.4385060243
1937,2509,1,4,1,1970,Rural,Excellent,Yes,128229,1,0,1,505856.2141048066
1938,741,4,4,3,1951,Rural,Good,Yes,663337,1,2,1,546933.8638967084
1939,2885,5,3,2,1990,Urban,Poor,No,757508,3,3,0,525329.311018
1940,4768,2,3,1,1908,Rural,Excellent,No,401301,1,0,0,504213.7843199166
1941,1171,1,1,2,1921,Urban,Excellent,No,270319,3,0,0,545277.913220156
1942,663,3,1,2,1933,Urban,Fair,No,679999,3,1,0,544514.0167719861
1943,964,5,2,1,2009,Suburban,Poor,No,684378,2,3,0,517072.6059115418
1944,3542,2,1,2,1948,Rural,Fair,Yes,929753,1,1,1,553979.3997501901
1945,2942,4,2,2,1900,Suburban,Good,No,776262,2,2,0,530126.2294399467
1946,2855,2,4,2,1972,Urban,Good,No,862897,3,2,0,515559.8165145083
1947,4778,5,1,2,1983,Urban,Fair,No,868718,3,1,0,548828.8959406889
1948,3057,5,3,3,1952,Urban,Poor,Yes,104795,3,3,1,548486.0135697589
1949,1045,2,1,2,1982,Downtown,Excellent,No,420283,0,0,0,560067.0286410971
1950,4335,4,2,2,1999,Downtown,Good,No,784543,0,2,0,545898.892886677
1951,1093,2,1,1,2023,Downtown,Poor,No,153845,0,3,0,533292.0966781132
1952,4304,5,4,3,1939,Suburban,Poor,Yes,362130,2,3,1,539190.4523090774
1953,1959,5,3,1,1944,Urban,Good,Yes,387540,3,2,1,503291.30971047084
1954,3993,3,2,1,1967,Rural,Good,No,891610,1,2,0,516068.54926362797
1955,3101,3,3,1,1908,Suburban,Poor,No,847177,2,3,0,494679.77611248894
1956,2944,1,3,3,2004,Suburban,Excellent,No,828520,2,0,0,560305.6376679763
1957,3172,5,2,1,1921,Suburban,Fair,No,303730,2,1,0,511465.652893898
1958,4700,3,3,1,1917,Rural,Good,Yes,253426,1,2,1,504090.64794237085
1959,516,2,3,1,1975,Urban,Fair,No,916069,3,1,0,505658.42387569725
1960,3691,4,1,2,2005,Downtown,Poor,Yes,972532,0,3,1,558034.2527526713
1961,892,2,3,1,1942,Urban,Fair,No,279333,3,1,0,501797.5386955669
1962,924,4,3,3,1938,Urban,Excellent,Yes,622854,3,0,1,555324.3333374294
1963,1071,3,3,3,1972,Suburban,Poor,Yes,880154,2,3,1,553815.6001057681
1964,4131,1,3,2,1905,Suburban,Excellent,No,923055,2,0,0,525054.447035978
1965,1620,2,2,3,1982,Suburban,Poor,Yes,423218,2,3,1,564529.7909187013
1966,741,2,4,3,1947,Downtown,Excellent,No,649262,0,0,0,550092.9308372774
1967,4397,2,1,2,2010,Downtown,Poor,Yes,526908,0,3,1,558060.5727102644
1968,4595,4,3,1,1906,Downtown,Excellent,Yes,396228,0,0,1,510756.3247658708
1969,2779,3,3,2,1979,Urban,Poor,No,220951,3,3,0,523865.81029706006
1970,1288,2,2,1,1968,Suburban,Excellent,No,467983,2,0,0,519660.54766461626
1971,1214,2,4,1,1915,Rural,Poor,Yes,298595,1,3,1,492564.69957196485
1972,3349,1,3,3,1900,Urban,Excellent,Yes,953785,3,0,1,549714.7371436394
1973,1275,1,2,2,2014,Downtown,Good,No,678705,0,2,0,548365.9909688913
1974,4526,3,1,3,1936,Rural,Fair,No,904531,1,1,0,572171.9901995619
1975,2747,3,1,3,2002,Rural,Poor,No,229729,1,3,0,575136.4839327642
1976,578,5,3,1,1982,Suburban,Excellent,Yes,189570,2,0,1,515832.9146614279
1977,4426,1,3,3,2017,Rural,Good,No,254739,1,2,0,558627.5799747574
1978,1355,5,4,2,1936,Downtown,Poor,No,337251,0,3,0,517642.52340306604
1979,2648,4,4,3,1980,Suburban,Poor,Yes,734153,2,3,1,544311.4779574181
1980,1531,5,3,3,1963,Rural,Poor,No,970200,1,3,0,551613.7153146808
1981,3771,2,2,1,1989,Suburban,Fair,No,890271,2,1,0,518495.2865295435
1982,4076,5,4,2,1985,Rural,Excellent,No,663529,1,0,0,527263.592541497
1983,4682,3,3,3,1961,Urban,Excellent,No,597685,3,0,0,552481.1541159234
1984,3956,4,4,1,1971,Urban,Poor,Yes,581992,3,3,1,492924.08551326545
1985,4006,2,3,3,1960,Downtown,Poor,No,852874,0,3,0,552505.9528736015
1986,907,5,1,2,1932,Urban,Poor,No,769148,3,3,0,539421.103968752
1987,3211,4,3,3,1965,Urban,Good,No,179576,3,2,0,548477.7049245416
1988,3588,4,1,3,1929,Urban,Poor,No,59765,3,3,0,561566.0464940968
1989,2168,2,4,1,2010,Rural,Fair,No,427972,1,1,0,504192.2950774669
1990,647,5,3,3,1919,Rural,Excellent,No,60002,1,0,0,554726.2193424274
1991,4827,4,4,1,1959,Suburban,Fair,Yes,834141,2,1,1,498969.3333895454
1992,4397,4,1,2,1981,Rural,Poor,Yes,847822,1,3,1,552480.6728066327
1993,2450,1,3,3,2006,Urban,Good,Yes,225508,3,2,1,556845.7426049941
1994,865,4,4,2,2020,Rural,Poor,No,308446,1,3,0,524578.5697041672
1995,2174,1,1,2,1973,Downtown,Poor,No,527698,0,3,0,550758.9091211484
1996,4994,5,4,3,1923,Suburban,Poor,No,295620,2,3,0,533266.9777488699
1997,3046,5,2,1,2019,Suburban,Poor,Yes,580929,2,3,1,521255.05855391396
1998,1062,5,1,2,1903,Rural,Poor,No,476925,1,3,0,541254.4838591234
1999,4062,3,1,2,1936,Urban,Excellent,Yes,161119,3,0,1,549977.9884098371
2000,2989,5,1,3,1903,Suburban,Fair,No,482525,2,1,0,566732.3087632078
